--
-- MySQL 5.5.38
-- Mon, 25 Aug 2014 20:12:01 +0000
--

CREATE TABLE `Ciudades` (
   `ID_Ciudad` int(3) not null,
   `Nombre_Ciudad` varchar(20),
   `ID_Provincia` int(3),
   `Codigo_Postal` decimal(5,0),
   PRIMARY KEY (`ID_Ciudad`)
) ENGINE=InnoDB DEFAULT CHARSET=utf8;

INSERT INTO `Ciudades` (`ID_Ciudad`, `Nombre_Ciudad`, `ID_Provincia`, 
`Codigo_Postal`) VALUES 
('1', 'yzztl', '15', '2102'),
('2', 'n', '22', '4571'),
('3', 'nwnk', '12', '3004'),
('4', 'mgnpqet', '20', '2986'),
('5', 'xytqj', '8', '1966'),
('6', 'g', '17', '1557'),
('7', 'chazommh', '14', '2483'),
('8', 'knxzgfnhi', '5', '2239'),
('9', 'pjhlwdqao', '6', '4548'),
('10', 'suknztbgp', '19', '8420'),
('11', 'vsutqaf', '9', '5861'),
('12', 'kjxidf', '15', '5403'),
('13', 'moojyw', '2', '2636'),
('14', 'qmlhqciy', '17', '2392'),
('15', 'kxufgqkz', '11', '7421'),
('16', 'tnphfbkbss', '14', '8226'),
('17', 'iicfeh', '2', '1368'),
('18', 'gdfpqadrxy', '15', '7271'),
('19', 'fy', '20', '8597'),
('20', 'uyzx', '4', '3442'),
('21', 'vsqbtc', '18', '5044'),
('22', 'pbodtol', '11', '4711'),
('23', 'jdektfinet', '3', '8496'),
('24', 'mwbddep', '2', '2693'),
('25', 'xuo', '10', '1757'),
('26', 'ppw', '14', '7783'),
('27', 'nbpwshejf', '10', '5700'),
('28', 'yzbtjitv', '21', '3360'),
('29', 'ipnscn', '10', '9290'),
('30', 'lv', '21', '2160'),
('31', 'u', '11', '6157'),
('32', 'u', '22', '8248'),
('33', 'lqjelyk', '17', '5704'),
('34', 'jf', '5', '6351'),
('35', 'tkhu', '15', '2930'),
('36', 'bhrmsgxpsp', '8', '6300'),
('37', 'oxnfmu', '15', '9023'),
('38', 'thhhfbkcfw', '10', '3410'),
('39', 'tlxlnehdh', '21', '3624'),
('40', 'tzwmebfzz', '22', '5593'),
('41', 'a', '1', '5308'),
('42', 'tdereiwkfd', '5', '5240'),
('43', 'l', '2', '2246'),
('44', 'kuamcyudt', '4', '4551'),
('45', 'wo', '18', '7838'),
('46', 'tauulda', '22', '5777'),
('47', 'qyzt', '19', '6301'),
('48', 'zoc', '23', '4003'),
('49', 'ok', '17', '3234'),
('50', 'ldz', '9', '7266'),
('51', 'qodff', '19', '6946'),
('52', 'f', '8', '2108'),
('53', 'lerxc', '9', '4978'),
('54', 'tzrxjedh', '3', '6238'),
('55', 'zmzykwet', '20', '8171'),
('56', 't', '4', '9457'),
('57', 'ijnzjxvx', '14', '5562'),
('58', 'yshtsky', '23', '6045'),
('59', 'sz', '1', '3931'),
('60', 'fsnku', '3', '3562'),
('61', 'qie', '11', '7629'),
('62', 'zkavcfxsc', '2', '6265'),
('63', 'hgytogzk', '10', '8677'),
('64', 'klxwr', '3', '4220'),
('65', 'nhi', '21', '2597'),
('66', 'h', '7', '4389'),
('67', 'uzyou', '10', '2980'),
('68', 'sjbgkq', '9', '1639'),
('69', 'w', '6', '3088'),
('70', 'kkmvebeb', '23', '9751'),
('71', 'iseaar', '1', '1603'),
('72', 'rkwtllasbu', '10', '8790'),
('73', 'rmfzpg', '19', '8750'),
('74', 'vspvixr', '9', '2829'),
('75', 'e', '18', '4246'),
('76', 'cv', '11', '7838'),
('77', 'qhbzh', '16', '9185'),
('78', 'utaoangucu', '2', '7474'),
('79', 'ksejg', '20', '2046'),
('80', 'bampii', '21', '5734'),
('81', 'edwhafkd', '17', '1186'),
('82', 'bunsxi', '18', '5716'),
('83', 'wmusfvkq', '8', '4679'),
('84', 'cxn', '4', '1972'),
('85', 'vthbgulmt', '11', '9743'),
('86', 'ni', '10', '6950'),
('87', 'vswfgjrd', '11', '8045'),
('88', 'mqqrk', '4', '4817'),
('89', 'jnrawglqg', '15', '3480'),
('90', 'k', '17', '2943'),
('91', 'fztus', '12', '6774'),
('92', 'cwealqiuy', '14', '5253'),
('93', 'vgjnzu', '7', '2569'),
('94', 'ss', '13', '2993'),
('95', 'phmqzlhh', '9', '9175'),
('96', 'gqkzf', '2', '1846'),
('97', 'qwt', '15', '2653'),
('98', 'fdpw', '20', '9178'),
('99', 'xejyxyibx', '12', '7676'),
('100', 'fupnvnzk', '16', '3624'),
('101', 'cgldraxoc', '11', '8602'),
('102', 'rmevaxbz', '18', '1912'),
('103', 'vjfovwbtfj', '4', '7509'),
('104', 't', '17', '8098'),
('105', 'qbgopw', '22', '5073'),
('106', 'g', '8', '7675'),
('107', 'jluwrk', '20', '6217'),
('108', 'gud', '11', '4963'),
('109', 'k', '12', '1318'),
('110', 'puwhzon', '10', '3526'),
('111', 'vdqnqoht', '12', '5474'),
('112', 'wmumekzkc', '8', '6324'),
('113', 'rpdxkfbjql', '9', '5903'),
('114', 'vgpmblmunj', '4', '9024'),
('115', 'gkhlfr', '1', '9006'),
('116', 'pmvj', '10', '7135'),
('117', 'hxbihyibye', '7', '1039'),
('118', 'tjlzqicdlz', '8', '3366'),
('119', 'yixtrajfx', '6', '3666'),
('120', 'fl', '18', '8384'),
('121', 'r', '4', '5668'),
('122', 'rfatf', '18', '7981'),
('123', 'rz', '21', '7681'),
('124', 'rfam', '5', '1081'),
('125', 'ljyc', '2', '8794'),
('126', 'kqrocldepm', '21', '3150'),
('127', 'l', '14', '2867'),
('128', 'aqyjeeun', '21', '6284'),
('129', 'yytvnogvb', '5', '9708'),
('130', 'r', '1', '4173'),
('131', 'trfnceq', '16', '4139'),
('132', 'mzgjzniso', '20', '9428'),
('133', 'xb', '21', '8807'),
('134', 'jbqfcg', '10', '6709'),
('135', 'wfalbfc', '23', '8904'),
('136', 'axl', '23', '9544'),
('137', 'onqy', '14', '7594'),
('138', 'jrwhy', '2', '6425'),
('139', 'st', '10', '8893'),
('140', 'war', '17', '1135'),
('141', 'iudc', '8', '4279'),
('142', 'onoaba', '7', '4201'),
('143', 'hfverlp', '11', '5558'),
('144', 'mkpoi', '12', '8440'),
('145', 'xqgrlumtsr', '7', '7224'),
('146', 'htrgxy', '1', '8746'),
('147', 'iv', '4', '2313'),
('148', 'aswh', '15', '9569'),
('149', 'tzotuyje', '19', '9405'),
('150', 'oaqozr', '12', '6423'),
('151', 'gpiyvw', '16', '3375'),
('152', 'kcnx', '20', '2975'),
('153', 'tdpunzivu', '20', '7371'),
('154', 'fcjfd', '4', '3704'),
('155', 'k', '12', '5575'),
('156', 'o', '19', '7227'),
('157', 'yujzj', '18', '1343'),
('158', 'otklubnry', '4', '4456'),
('159', 'acd', '18', '7707'),
('160', 'jcifa', '4', '2015'),
('161', 'gwcu', '16', '9627'),
('162', 'kvirrqiavj', '8', '7542'),
('163', 'coxbmmg', '16', '4664'),
('164', 'dtdgwubd', '4', '4935'),
('165', 'rvkvnkknd', '21', '8989'),
('166', 'sbpgkf', '22', '7806'),
('167', 'a', '3', '8058'),
('168', 'pqaqaf', '22', '3088'),
('169', 'wii', '11', '2100'),
('170', 'aetjegqzc', '4', '9657'),
('171', 'nuhilrg', '3', '9577'),
('172', 'uvaslol', '13', '1140'),
('173', 'fhnde', '7', '8419'),
('174', 'yqtwjfkj', '1', '9416'),
('175', 'oee', '13', '6255'),
('176', 'abhdvoppz', '11', '9774'),
('177', 'ry', '17', '9642'),
('178', 'w', '7', '9605'),
('179', 'fqyftev', '19', '4623'),
('180', 'tz', '4', '6803'),
('181', 'zlwcelhuo', '2', '4135'),
('182', 'uotfhjib', '13', '7776'),
('183', 'lwjmhjnwyk', '9', '3119'),
('184', 'ftces', '21', '7644'),
('185', 'bb', '18', '6075'),
('186', 'r', '12', '5882'),
('187', 'igujq', '8', '3317'),
('188', 'la', '9', '6468'),
('189', 'cvptaauk', '18', '4893'),
('190', 'ynieh', '11', '4766'),
('191', 'vhhvah', '8', '9522'),
('192', 'hwwcqnfu', '10', '4588'),
('193', 'o', '12', '2333'),
('194', 'budpignv', '8', '5098'),
('195', 't', '12', '6700'),
('196', 'hggf', '16', '9715'),
('197', 'dweq', '3', '2451'),
('198', 'fpnot', '19', '2829'),
('199', 'qc', '18', '4947'),
('200', 'njtnmbo', '17', '3304'),
('201', 'yavmi', '2', '5715'),
('202', 'nloj', '9', '8642'),
('203', 'wendn', '11', '4479'),
('204', 'sqc', '7', '5444'),
('205', 'pfftnna', '23', '9902'),
('206', 'rccqremrr', '23', '3813'),
('207', 'j', '11', '4092'),
('208', 'ognowya', '21', '3154'),
('209', 'mviz', '12', '1018'),
('210', 'uxbvhgk', '9', '8909'),
('211', 'ql', '17', '4853'),
('212', 'cfeivacck', '7', '9218'),
('213', 'swqdzhfbm', '10', '3805'),
('214', 'fwnplbinxq', '19', '9693'),
('215', 'yocgd', '2', '9787'),
('216', 'vatodvsm', '10', '9300'),
('217', 'dwoiow', '23', '1350'),
('218', 'w', '21', '3133'),
('219', 'btjlymcvb', '12', '3966'),
('220', 'rb', '12', '3785'),
('221', 'dt', '12', '1850'),
('222', 'ygenydsex', '7', '6262'),
('223', 'nf', '16', '1195'),
('224', 'k', '2', '2843'),
('225', 'evnkekkdw', '10', '4104'),
('226', 'q', '19', '7074'),
('227', 'bveakvq', '22', '1396'),
('228', 'y', '5', '8483'),
('229', 'd', '8', '9988'),
('230', 'fmghbm', '11', '8200'),
('231', 'ait', '11', '1358'),
('232', 'k', '19', '1213'),
('233', 'dyzevkybc', '16', '4563'),
('234', 'kaqpaz', '15', '9705'),
('235', 'vbjllffni', '23', '2215'),
('236', 'dchht', '8', '4560'),
('237', 'vyzngh', '11', '7424'),
('238', 'rsphryg', '9', '7921'),
('239', 'qzxpp', '10', '6354'),
('240', 'chpbuc', '14', '1011'),
('241', 'rnjnxzdadr', '11', '1852'),
('242', 'lx', '2', '4487'),
('243', 'mprhocob', '19', '9520'),
('244', 'fixztxnhq', '14', '1400'),
('245', 'amtpynl', '11', '3046'),
('246', 'znwjrci', '4', '8478'),
('247', 'nwtjvcet', '19', '9826'),
('248', 'vcmmtszi', '23', '4046'),
('249', 'atz', '8', '1605'),
('250', 'ynajlvotb', '20', '4283'),
('251', 'zuamdgab', '4', '9572'),
('252', 'ajfvrdfrnw', '15', '5988'),
('253', 'k', '3', '6520'),
('254', 'urul', '15', '1224'),
('255', 'coh', '9', '2912'),
('256', 'sxfgdv', '13', '7890'),
('257', 'kepqlbu', '16', '3764'),
('258', 'taycwxo', '12', '1672'),
('259', 'uhggex', '15', '5184'),
('260', 'jtlo', '18', '8519'),
('261', 'ykusbmo', '22', '8457'),
('262', 'udl', '16', '4770'),
('263', 'urfgfkxpww', '14', '3398'),
('264', 'rbo', '21', '5562'),
('265', 'jxh', '13', '7308'),
('266', 'vl', '7', '7835'),
('267', 'cpmvxphkcw', '11', '2414'),
('268', 'xlp', '12', '5895'),
('269', 'kqabcf', '10', '1886'),
('270', 'scdeui', '18', '6106'),
('271', 'hhlbuoxb', '19', '9669'),
('272', 'nhnfupi', '2', '5267'),
('273', 'mnn', '22', '6807'),
('274', 'umhsk', '23', '5000'),
('275', 'dcits', '8', '3938'),
('276', 'qboch', '21', '8501'),
('277', 'lejongp', '4', '2965'),
('278', 'yhngfkbhbf', '17', '6196'),
('279', 'vhp', '7', '2543'),
('280', 'w', '18', '7860'),
('281', 'gkonlu', '19', '7169'),
('282', 'xbm', '11', '4823'),
('283', 'oqnyifwu', '8', '1034'),
('284', 'z', '2', '9985'),
('285', 'ghvptdata', '2', '1393'),
('286', 'fmfo', '8', '2370'),
('287', 'bc', '5', '4537'),
('288', 'xjwe', '3', '1721'),
('289', 'thf', '17', '5875'),
('290', 'yemvrtygvd', '15', '8376'),
('291', 'rllkopeqp', '19', '4675'),
('292', 'cvo', '5', '9091'),
('293', 'khasxuqt', '16', '3693'),
('294', 'bhikkl', '18', '9607'),
('295', 'wratdipfvg', '9', '9813'),
('296', 'fjqmjyzmbp', '13', '6861'),
('297', 'fs', '14', '8217'),
('298', 'ug', '18', '9603'),
('299', 'rlwhixotpt', '7', '2815'),
('300', 'cdvil', '15', '3683'),
('301', 'copnkfny', '13', '1297'),
('302', 'cdbzmwed', '23', '6782'),
('303', 'uqoqaojiu', '22', '1506'),
('304', 'uiktjtadk', '10', '3742'),
('305', 'see', '3', '2617'),
('306', 'kawii', '22', '3684'),
('307', 'qrgpgu', '5', '6926'),
('308', 'lbystzwtp', '19', '2062'),
('309', 'pankrirops', '11', '6732'),
('310', 'hor', '18', '3120'),
('311', 'mg', '8', '3987'),
('312', 'qy', '1', '9144'),
('313', 'evadm', '7', '1733'),
('314', 'u', '21', '7840'),
('315', 'kzrusxqrq', '16', '2360'),
('316', 'ftq', '9', '6369'),
('317', 'jruolmq', '8', '8886'),
('318', 'nvnhf', '21', '6914'),
('319', 'bokxuf', '10', '3079'),
('320', 'tshunmke', '23', '4834'),
('321', 'mayed', '12', '5584'),
('322', 'yclztbb', '3', '6144'),
('323', 'xjokexmbng', '14', '5066'),
('324', 'i', '6', '6447'),
('325', 'lr', '15', '6033'),
('326', 'bbjnizu', '15', '9788'),
('327', 'gk', '14', '4326'),
('328', 'njubpl', '17', '8978'),
('329', 'd', '7', '5375'),
('330', 'nrkayvfzoy', '14', '9414'),
('331', 'vopqxi', '10', '2305'),
('332', 'bt', '13', '9918'),
('333', 'ywbkefdny', '11', '2182'),
('334', 'nszhb', '12', '5025'),
('335', 'kdkgdvn', '9', '1463'),
('336', 'qzcwixkclq', '17', '8566'),
('337', 'i', '17', '3994'),
('338', 'izyajcslih', '7', '9702'),
('339', 'nbqgxssynr', '2', '4422'),
('340', 'zvv', '11', '6790'),
('341', 'iaom', '5', '8862'),
('342', 'tpenuuotg', '3', '8386'),
('343', 'xubdyazf', '20', '4789'),
('344', 'zhvicgszow', '20', '7272'),
('345', 'wjdexq', '4', '2025'),
('346', 'vkqczhtcax', '7', '8351'),
('347', 'ipekuubh', '11', '2790'),
('348', 'rhtwml', '16', '6116'),
('349', 'gnlzwd', '13', '6333'),
('350', 'egyugkwis', '2', '7624'),
('351', 'wf', '10', '9704'),
('352', 'iujmwhyld', '5', '5599'),
('353', 'ppf', '22', '4177'),
('354', 'yw', '9', '5277'),
('355', 'q', '10', '7214'),
('356', 'qx', '8', '4624'),
('357', 'nomeb', '20', '7183'),
('358', 'gzzrt', '18', '2945'),
('359', 'dvwsgf', '1', '4378'),
('360', 'kfxrqolkcy', '1', '2971'),
('361', 'xjk', '11', '5343'),
('362', 'uwiornlk', '3', '2555'),
('363', 'jehhegdk', '1', '3431'),
('364', 'tir', '3', '2979'),
('365', 'xr', '20', '2293'),
('366', 'cvm', '2', '1165'),
('367', 'd', '10', '4324'),
('368', 'jdrczz', '7', '5676'),
('369', 'rjkquj', '14', '9483'),
('370', 'ksoljr', '23', '5671'),
('371', 'ajr', '9', '6537'),
('372', 'mrxbhnzlab', '1', '6163'),
('373', 'xvkewmmqta', '3', '7348'),
('374', 'v', '5', '5022'),
('375', 'vtkrphv', '4', '2942'),
('376', 'lfwacwffiq', '21', '8170'),
('377', 'ubtkksrz', '14', '8728'),
('378', 'fyqlaalx', '4', '4619'),
('379', 'zo', '10', '3851'),
('380', 'xibxonuqh', '13', '3844'),
('381', 'wdcuscort', '19', '4464'),
('382', 'owdwl', '4', '8780'),
('383', 'ghmktlbdzy', '20', '6457'),
('384', 'fuucoyie', '17', '6087'),
('385', 'bm', '19', '5575'),
('386', 'roz', '8', '7694'),
('387', 'tjchz', '2', '3205'),
('388', 'ajcmd', '10', '8879'),
('389', 'nsy', '5', '1619'),
('390', 'rrzodno', '14', '1056'),
('391', 'xgsvq', '14', '9663'),
('392', 'wmhrbkzu', '16', '9319'),
('393', 'z', '13', '9466'),
('394', 'qcfqr', '7', '7084'),
('395', 'zpmjvxtzdl', '23', '1719'),
('396', 'tnp', '1', '8380'),
('397', 'woummwcasu', '17', '3620'),
('398', 'hkrrqbp', '20', '8052'),
('399', 'cm', '15', '4655'),
('400', 'atrjahzl', '3', '4842'),
('401', 'gxre', '17', '7480'),
('402', 'tyghobvvk', '21', '1993'),
('403', 'dhrshkync', '20', '1165'),
('404', 'eniclv', '18', '9008'),
('405', 'uleh', '9', '4993'),
('406', 'vgktpyhpoe', '12', '9110'),
('407', 'fscxvt', '7', '7718'),
('408', 'uzaaaxg', '21', '1577'),
('409', 'wf', '4', '6762'),
('410', 'qxnad', '1', '3143'),
('411', 'mpnat', '2', '3561'),
('412', 'xtqkfun', '21', '6841'),
('413', 'imbkphxzzg', '14', '1670'),
('414', 'flm', '13', '8184'),
('415', 'kai', '2', '2681'),
('416', 'ujpjmffd', '8', '6883'),
('417', 'jcnu', '14', '3586'),
('418', 'lxrmzchhgz', '3', '7023'),
('419', 'wfigytbvl', '17', '1936'),
('420', 'qmja', '19', '4440'),
('421', 'fnhnwt', '4', '3686'),
('422', 'pxkf', '11', '3277'),
('423', 's', '13', '2438'),
('424', 'yhpa', '13', '6608'),
('425', 'uzuthemtx', '15', '7069'),
('426', 'uic', '11', '9370'),
('427', 'taczbne', '16', '1633'),
('428', 'kfvsekeg', '23', '8019'),
('429', 'ackq', '12', '1156'),
('430', 'rzgsr', '17', '3276'),
('431', 'fvvltxi', '11', '8481'),
('432', 'akjllbel', '4', '9123'),
('433', 'wttxsjfi', '9', '8612'),
('434', 'ilcirec', '16', '9660'),
('435', 'fuegncx', '17', '3945'),
('436', 'dyepzn', '2', '8959'),
('437', 'rrbzo', '3', '9427'),
('438', 'hivd', '1', '2996'),
('439', 'jgnlpn', '9', '9596'),
('440', 'pevjmh', '8', '5497'),
('441', 'rxtls', '21', '7181'),
('442', 'anybach', '3', '6755'),
('443', 'y', '15', '7841'),
('444', 'zemoavyfef', '18', '3327'),
('445', 'yzizugkym', '17', '2821'),
('446', 'edogmt', '13', '3119'),
('447', 'fwzecxel', '9', '4012'),
('448', 'ndjnneqcz', '18', '8756'),
('449', 'jlbv', '6', '6636'),
('450', 'mroomqoqtv', '15', '7425'),
('451', 'tquqlejnn', '9', '7674'),
('452', 'cprp', '22', '8720'),
('453', 'wmvegyqpt', '8', '2812'),
('454', 'qcfevkpl', '13', '3587'),
('455', 'uxpkspsa', '16', '6719'),
('456', 'ubiptrofox', '9', '1888'),
('457', 'nrjuajrl', '17', '4669'),
('458', 'cwtrhc', '20', '6799'),
('459', 'xj', '6', '2748'),
('460', 'gq', '21', '8143'),
('461', 'zr', '9', '4140'),
('462', 'pxqsxxial', '5', '6362'),
('463', 'diec', '8', '5275'),
('464', 'rkuxpxpfwj', '13', '9235'),
('465', 'kpjoforng', '12', '8308'),
('466', 'syxlu', '19', '3868'),
('467', 'xkrp', '5', '3235'),
('468', 'beedrqvptr', '17', '8508'),
('469', 'khyw', '15', '2033'),
('470', 'mgtsrkp', '14', '1201'),
('471', 'uu', '10', '9525'),
('472', 'oexovo', '20', '7892'),
('473', 'tkdx', '15', '6780'),
('474', 'xeliiunj', '1', '1633'),
('475', 'jqnoqo', '11', '2757'),
('476', 'wbijgyyg', '18', '2027'),
('477', 'cpst', '14', '2662'),
('478', 'otlyutzdk', '13', '5682'),
('479', 'qdcspoasg', '13', '5743'),
('480', 'bdbrjpolv', '12', '3397'),
('481', 'nd', '17', '6850'),
('482', 'algycnfli', '15', '6590'),
('483', 'bmk', '3', '2496'),
('484', 'ihyjp', '1', '7346'),
('485', 'vf', '18', '9223'),
('486', 'aktkwyf', '2', '8588'),
('487', 'ttag', '15', '1884'),
('488', 'pmqbfdenc', '7', '7897'),
('489', 'hhc', '16', '8097'),
('490', 'talido', '5', '9063'),
('491', 'dw', '7', '1700'),
('492', 'kicmycgqww', '21', '6126'),
('493', 's', '23', '2074'),
('494', 'ph', '7', '4229'),
('495', 'dbd', '4', '2578'),
('496', 'qkkbatvu', '18', '8335'),
('497', 'oddwxvnfc', '20', '5475'),
('498', 'tsa', '9', '6359'),
('499', 'yojt', '12', '7680');

CREATE TABLE `Cliente` (
   `Cuit` int(11) not null,
   `Nombre` varchar(20),
   `Razon_Social` varchar(20) default 'null',
   `Actividad` varchar(20),
   `ID_Provincia` int(2),
   `ID_Ciudad` int(2),
   PRIMARY KEY (`Cuit`)
) ENGINE=InnoDB DEFAULT CHARSET=utf8;

INSERT INTO `Cliente` (`Cuit`, `Nombre`, `Razon_Social`, `Actividad`, 
`ID_Provincia`, `ID_Ciudad`) VALUES 
('100682746', 'vqtewyaya', 'dgkkoskkya', 'vsoz', '10', '326'),
('101876507', 'oddcvhfcs', 'a', 'zyhrk', '14', '486'),
('102989851', 'vccupbqjub', 'fmbk', 'tmjvuhbif', '23', '69'),
('104907104', 'tpfcfgwny', 'ua', 'g', '23', '457'),
('106697069', 'xijifjnu', 'hbzxuwce', 't', '23', '135'),
('108363239', 'e', 'frnjxjfxu', 'ylslvr', '13', '355'),
('111108759', 'vozltiqdtm', 'va', 'egcdoxcf', '6', '439'),
('111126771', 'wxsrzqcmc', 'kqwcsrz', 'bc', '5', '24'),
('111131999', 'gdywcw', 'nnyzfv', 'uwc', '17', '402'),
('112575579', 'nutfuvpd', 'g', 'pnanqdpu', '20', '315'),
('113663475', 'o', 'iasym', 'uvumqysiw', '13', '241'),
('113831753', 'jsrwvy', 'otuxardji', 'mq', '23', '68'),
('114405499', 'kwwtbiizui', 'topunrypuy', 'kwy', '8', '276'),
('115213803', 'umvxcj', 'z', 'ffeezknmx', '6', '364'),
('115360236', 'aitoonrwt', 'wkgsf', 'jjrtkym', '19', '280'),
('115997038', 'mr', 'aecqg', 'ojanyb', '17', '297'),
('119112699', 'hmwbtvjgox', 'xdduovjmps', 'uuajwlpn', '10', '323'),
('121271343', 'xznmckfy', 'aejaue', 'xrspnxomsy', '1', '309'),
('121963743', 'iemcwyngh', 'xucpcwk', 'xridnqg', '13', '226'),
('126955534', 'ovhkasaka', 'qcyymfrl', 'fgukfu', '4', '444'),
('129736771', 'tdf', 'bqt', 'vjqak', '22', '390'),
('129856311', 'js', 'dia', 'clmqccaw', '18', '164'),
('131087410', 'ltze', 'dgu', 'jydipgqdy', '1', '206'),
('133687720', 'vmmztkoxo', 'ht', 'xjdgtjzro', '21', '435'),
('134023855', 'iz', 'rwyqeek', 'u', '4', '354'),
('134880187', 'bqteazev', 'rbowc', 'kcpvspmqu', '14', '279'),
('135267953', 'yn', 'voizff', 'qopmkvm', '16', '146'),
('136810249', 'su', 'pnh', 'xoybe', '14', '491'),
('137180292', 'otu', 'ml', 'ddpq', '21', '397'),
('137483223', 'frg', 'gelouaxbos', 'vdgvxfnum', '16', '43'),
('140219330', 'dbihvatyh', 'irqgxq', 'tnoauh', '1', '282'),
('141487092', 'gmbzueb', 'dz', 'ravuffj', '15', '197'),
('141709309', 'nlzfvf', 'mbuigunag', 'fxieyznvhx', '14', '263'),
('145056554', 'ncq', 'ioplam', 'c', '13', '281'),
('145347586', 'bovyk', 'ov', 'svjmo', '23', '396'),
('147085417', 'hrg', 'kyozkji', 'ls', '19', '446'),
('148273289', 'mzli', 'oxkgn', 'zymjxscdff', '11', '81'),
('149779362', 'i', 'yfqsgeyc', 'jsehy', '23', '239'),
('151644905', 'emmddrhcou', 'ztlwymfh', 'ihpgmf', '23', '454'),
('153983696', 'fhnh', 'yfzfbekpu', 'hhsmcmo', '20', '398'),
('154679530', 'veibcaj', 'mmdmhb', 'uifdwxcikl', '19', '424'),
('157002902', 'xbk', 'wqrggpjibe', 'qfacv', '5', '140'),
('158884038', 'jhy', 't', 'gvcy', '9', '369'),
('163918932', 'ph', 'qbsxg', 'ssir', '9', '258'),
('165643059', 'rynyvshg', 'bl', 'lofn', '22', '367'),
('167162172', 'xuulhhckeb', 'ldyae', 'fqpfdjpif', '20', '434'),
('169252896', 'zrbquxsun', 'q', 'lxvzp', '3', '151'),
('169608512', 'il', 'rn', 'qcmosdx', '11', '334'),
('174317155', 'lhnwins', 'pll', 'peclhnwmjl', '4', '402'),
('174936428', 'cejfjwpqv', 'dtcdvklc', 'owiyohytr', '6', '234'),
('176466171', 'lldkhopchg', 'abcowoewg', 'up', '16', '492'),
('178569070', 'rtuoz', 'ljkrrx', 'iac', '9', '240'),
('185492612', 'mnleh', 'hdtm', 'elms', '23', '18'),
('187135110', 'fxktzfc', 'yvuax', 'lg', '20', '221'),
('190368777', 'f', 'x', 'hrmdgkbuc', '8', '326'),
('190840014', 'bjsenat', 'sdhfnvijpp', 'extyhxseb', '6', '107'),
('190986527', 'kb', 'vlgs', 'yosgi', '1', '296'),
('191135243', 'vmdzwoqnn', 'cyy', 'hbjp', '11', '437'),
('192851271', 'epqcfgyrmf', 'ordzaee', 'gqaxqd', '11', '353'),
('194370716', 'oguilncvag', 'gzxup', 'lupmyu', '9', '185'),
('196247287', 'fscrbz', 'kjj', 'rapg', '4', '391'),
('196455545', 'f', 'siynmp', 'cmeqwntew', '10', '369'),
('197014669', 'ak', 'bol', 'sxxmp', '20', '2'),
('199998462', 'ip', 'rcgcw', 'vezpas', '8', '230'),
('201732746', 'gttzwq', 'ssdcqwecxk', 'wdqjdrp', '2', '108'),
('204377190', 'u', 'dmiqwykn', 'bo', '7', '308'),
('207066271', 'mdmvuvdw', 'nu', 'nn', '16', '130'),
('213328134', 'dhj', 'wsagxftyvt', 'nncfmekc', '13', '33'),
('215708094', 'rv', 'z', 'debbgwhl', '18', '94'),
('217691457', 'ftazyfqda', 'pmdxm', 'wzozx', '13', '338'),
('217820305', 'zfbzgd', 'u', 'etlwazamh', '18', '406'),
('221874246', 'jlrswgl', 'iz', 'ymnqwf', '16', '194'),
('222280729', 'vqfvztxca', 'snmaayqspk', 'j', '18', '23'),
('224049217', 'qglgyjlnpk', 'f', 'tibv', '6', '37'),
('226070150', 'yhw', 'awr', 'd', '21', '451'),
('227088379', 'ccr', 'u', 'bix', '16', '54'),
('228297477', 'dcv', 'bynucctpg', 'sgavuzphf', '7', '354'),
('229327936', 'lzhwbpbctq', 'dkpfrqwaw', 'mvyjvjlucw', '1', '93'),
('229755380', 'pxsr', 'yjsixb', 'cvthgjxvjn', '9', '356'),
('230391840', 'gwqxn', 'dpfzkt', 'ghlwtf', '23', '291'),
('233317787', 'azdmmggg', 'kct', 'ripxrxac', '14', '13'),
('235077880', 'jvywgoa', 'rahobt', 'nunin', '10', '366'),
('235846667', 'qczljn', 'bi', 'lrkmdmmtvb', '5', '7'),
('235993954', 'ocfwgqoehw', 'wfzjdpkwbd', 'nkgf', '12', '62'),
('237558973', 'bcpgonrz', 'havt', 'vltonrrry', '15', '471'),
('241517880', 'vdostonts', 'zxe', 'ryeoppqry', '10', '48'),
('243449323', 'f', 'cl', 'idebxt', '10', '340'),
('243871081', 'n', 'pkqbfo', 'knvign', '7', '344'),
('246647048', 'vqafczdf', 'oh', 'yxziyj', '6', '457'),
('251664678', 'amqh', 'tpnkefve', 'oncjz', '12', '377'),
('252855232', 'jtoaduu', 'rzzkk', 'pbjg', '17', '9'),
('253234941', 'wcjl', 'dmnf', 'd', '22', '453'),
('253426070', 'pewqzj', 'mhtcx', 'ajprg', '1', '361'),
('253697446', 'jybcsjyym', 'unlirpzla', 'pzd', '1', '170'),
('255644081', 'mdpvfxx', 'rhgrsoingw', 'xzst', '2', '205'),
('256513158', 'z', 'bbn', 'k', '1', '13'),
('257982926', 'wjpbzs', 'ncmhf', 'voumbj', '23', '182'),
('259105499', 'b', 'obhd', 'a', '7', '424'),
('260174011', 'icu', 'qzndhtaeb', 'tjuxzu', '4', '45'),
('261441324', 's', 'eddjd', 'afnc', '12', '11'),
('263007033', 'awgryzz', 'ndao', 'h', '22', '500'),
('267175066', 'tjcyet', 'zoqvahidv', 'kbbv', '19', '379'),
('267529100', 'ynhoidue', 'fcxsdsvxb', 'mdwkvpdg', '23', '219'),
('270751423', 'ydyrb', 'jsvovclxi', 'rhuog', '8', '49'),
('274030204', 'nsgay', 'eawvfjan', 'mbiq', '18', '70'),
('278378239', 'ic', 'lyqmtwjv', 'znk', '8', '130'),
('281882838', 'gihdfai', 'gbxg', 'd', '5', '210'),
('282170712', 'qjbr', 'hy', 'dyyteupg', '13', '73'),
('284052606', 'rfaxtldnhh', 'xgnf', 'haznyioweg', '2', '266'),
('286146648', 'klrvazlh', 'so', 'nj', '6', '253'),
('287073635', 'jpedkf', 'gg', 'vpmbmctl', '6', '408'),
('287516840', 'gf', 'oepmn', 'n', '2', '384'),
('292627785', 'hiivj', 'zmng', 'djeq', '20', '377'),
('292873113', 'vxlmfp', 'etaxndvjg', 'ixscwblax', '23', '342'),
('293850941', 'zkbro', 'cplyh', 'fdy', '11', '311'),
('294844849', 'me', 'yf', 'bdaxyuphmm', '6', '212'),
('294913866', 'cpkspmllj', 'tkw', 'pyx', '8', '409'),
('295412363', 'ummkkgpi', 'go', 'tanwcqrjug', '6', '2'),
('295715306', 'kqypu', 'ri', 'iauml', '6', '242'),
('296063872', 'v', 'nbhgevvcs', 'ioyglhuj', '10', '156'),
('297083777', 'chfwknj', 'av', 'e', '14', '328'),
('300875565', 'ukrkwiuiwe', 'doyit', 'i', '17', '220'),
('300920140', 'urdfjqyapq', 'dlbua', 'tyjre', '21', '220'),
('301584787', 'hrlox', 'jx', 'lokbo', '6', '277'),
('304862903', 'fte', 'cohqhsz', 'dq', '23', '76'),
('306543833', 'vwithru', 'ua', 'llt', '13', '426'),
('307613577', 'sqfv', 'xkervtym', 'oybtbz', '5', '466'),
('307903361', 'ixz', 'o', 'pxkb', '3', '75'),
('308097244', 'tw', 'vxeu', 'sfwpgxd', '12', '202'),
('309066325', 'nshxhklt', 'fqauzwqkca', 'lvwxd', '9', '150'),
('312683264', 'yfclhscxwc', 'w', 'qehffucpa', '1', '163'),
('312763749', 'bqihcudzqj', 'lr', 'gc', '5', '362'),
('313064601', 'ddqmliryt', 'igmashgaar', 'bkrlu', '11', '465'),
('313570663', 'p', 'oojdujygq', 'jjxnhdmi', '12', '475'),
('314392675', 'o', 'enmmhotau', 'wk', '9', '20'),
('314926346', 'xwyt', 'tnpxix', 'wp', '2', '226'),
('316008921', 'rfnhlb', 'cjo', 'mlqsd', '17', '397'),
('317640463', 'wepfmjvrpy', 'oueze', 'br', '1', '355'),
('319702940', 'vdpnkaky', 'urnch', 'bddtbywxl', '7', '18'),
('321691211', 'awlyohpin', 'piqxzffns', 'qd', '17', '337'),
('321836696', 'a', 'xsnipuvzjf', 'anazzixcup', '14', '226'),
('327778238', 'xjy', 'zpaqra', 'sfvoyonvao', '20', '16'),
('327941502', 'lvmvwhz', 'fmtjxde', 'svhkrqw', '19', '389'),
('330323860', 'xhypfzxsi', 'pfo', 'kh', '5', '404'),
('334202226', 'u', 'v', 'vnrrort', '19', '277'),
('336172735', 'tmetdd', 'rembqqil', 'ix', '3', '271'),
('336211157', 'f', 'kcm', 'zyixccfeo', '7', '292'),
('336926208', 'gahnubx', 'ojpieof', 'zcwzar', '12', '88'),
('341167486', 'odb', 'sod', 'rcw', '11', '166'),
('342208602', 'vvofg', 'tyyoa', 'zxsfx', '2', '31'),
('344292133', 'q', 'lcjzywm', 'xeclu', '21', '390'),
('346436597', 'zia', 'uvtye', 'qykeclek', '2', '279'),
('347178714', 'd', 'ir', 'mkwnfpdvf', '2', '212'),
('347767736', 'pphjoys', 'qgvy', 'bktdnvzg', '11', '255'),
('350354940', 'eekxae', 'aophsltgb', 'cqriie', '12', '183'),
('356532484', 'hy', 'nw', 'st', '19', '243'),
('359269297', 'pu', 'yvzcljhqja', 'upfg', '6', '224'),
('359973112', 'ettdbjgo', 'srrsrkoqz', 'grujz', '11', '391'),
('362485630', 'mrh', 'tagh', 'ztrbzy', '1', '73'),
('364972004', 'veqmnqs', 'f', 'cjk', '20', '69'),
('367121622', 'jpfwn', 'rk', 'urlqkwojzb', '15', '231'),
('367503016', 'ddheqp', 'esmjvs', 'cqkydszire', '12', '425'),
('372539126', 'wyttembd', 'zovio', 'dygkw', '15', '343'),
('373108719', 'pchyentreo', 'vmuplyhkw', 'l', '3', '96'),
('373239307', 'rlubzbqfu', 'mqqvxaf', 'qfagrxx', '17', '359'),
('373656977', 's', 'befhxu', 'ahnvehetz', '17', '396'),
('378336981', 'ojrqdpobv', 'vztjiiaxvv', 't', '7', '161'),
('380766486', 'yusvkbyv', 'hou', 'blddac', '2', '137'),
('380978892', 'hhrw', 'ebkqimne', 'iedylebyfe', '21', '480'),
('381714391', 'fg', 'xdngkyob', 'vzvlsgv', '22', '302'),
('385483621', 'zeqm', 'qfdei', 'tbnzwuh', '23', '285'),
('385742903', 'whiarjtdn', 'irjdg', 'jqhafhy', '2', '130'),
('386929877', 'aqr', 'iliwryyheo', 'fbte', '12', '50'),
('390182828', 'jotuygl', 'yssuosbc', 'sgg', '12', '332'),
('392310797', 'cnbfby', 'ugwjlz', 'vzw', '7', '2'),
('394858825', 'snzjrzutky', 'rr', 'xcw', '19', '295'),
('395111824', 'azrmzr', 'iggwt', 'vvzne', '22', '210'),
('397488214', 'boix', 'yk', 'jqurau', '13', '355'),
('397938217', 'ksvdkzglx', 'n', 'i', '9', '63'),
('400044841', 's', 'cuccvxbac', 'w', '18', '234'),
('400564844', 'ijfqd', 'mloerww', 'hedoem', '23', '453'),
('402173994', 'tmva', 'nugiu', 'tojtpmnek', '12', '487'),
('405491132', 'tctvqcy', 'rpvkd', 'ks', '19', '70'),
('406117773', 'abknnoxwc', 'zql', 'mhbjcyge', '5', '22'),
('406795603', 'ohwig', 'xtvytabnud', 'lxwjjiw', '7', '405'),
('415551109', 'frnsbh', 'zi', 'whgyxogp', '6', '8'),
('417961622', 'yerxbai', 'vqcktrzctn', 'ta', '13', '19'),
('419958103', 'ejfdgt', 'lm', 'bb', '21', '375'),
('420362524', 'khlehd', 'ezo', 'deguy', '12', '16'),
('420873408', 'kid', 'jys', 'bqw', '17', '403'),
('421089113', 'uzakvxm', 'ebkfxteg', 'fwylsva', '10', '343'),
('423551843', 'dznk', 'wzgkmka', 'wgmqhyxrdm', '2', '89'),
('424221703', 'vrzh', 'nvovn', 'esdjshzfs', '23', '183'),
('427706140', 'nsfbgha', 'zssvx', 'f', '21', '55'),
('430056298', 'buoevtffd', 'jrvg', 'scyacochdx', '19', '399'),
('430438574', 'cmwwx', 'al', 'xllvce', '1', '194'),
('431671244', 'ucapbysae', 'p', 'awzesobwkg', '22', '345'),
('442167981', 'odmmtxgx', 'bknlpcgmn', 'te', '23', '22'),
('446789839', 'vp', 'hl', 'ahrx', '20', '498'),
('448808294', 'bjpaazwl', 'cugcyc', 's', '8', '36'),
('452135482', 'yrvxndpv', 'uh', 'yivp', '12', '262'),
('452346291', 'jovnbc', 'yd', 'rzhuszjq', '12', '435'),
('452694049', 'usdzmrsqb', 'ytfiioi', 'wyxhnmob', '20', '244'),
('454206763', 'pbekggvvby', 'kpcwglobcl', 'yn', '9', '480'),
('454344883', 'ycghteee', 'irl', 'yfzixzf', '8', '453'),
('454983310', 'qnuxvxfots', 'ifkicvoj', 'uuz', '12', '460'),
('458768247', 'opyszvunw', 'tjibm', 'pudbprorci', '4', '409'),
('462416038', 'tnwy', 'ftuxkwtmon', 'ge', '5', '112'),
('463320107', 'sqsrsts', 'vrbowux', 'fh', '17', '331'),
('464545574', 'nsdtzbzj', 'pgvvbgjjcq', 'cdppwcdygv', '6', '433'),
('466492353', 'kmljvipm', 'mafbmscgm', 'i', '18', '276'),
('471059623', 'migy', 'iugi', 'wlerffplor', '9', '287'),
('471886462', 'uvo', 'mkt', 'ttcthykf', '23', '36'),
('472220940', 'o', 'ywcaeydl', 'hu', '13', '209'),
('475933057', 'unxr', 'mnblug', 'dkce', '21', '351'),
('478317160', 'lbenx', 'ctwoawiysb', 'qdbntbjo', '22', '424'),
('479151346', 'vfc', 'caqpkj', 'ijgaabhj', '4', '65'),
('483143391', 'qddhy', 'oleu', 'puld', '3', '67'),
('485515319', 'pyssdlt', 'qzzgucfh', 'has', '9', '326'),
('486984076', 'ckir', 'opewbkt', 'tkwqlkpgyi', '1', '119'),
('488342559', 'cusxktekl', 'etvepdud', 'skq', '22', '100'),
('489032522', 'ddpkdsavw', 'szcdcsrgw', 'fawuf', '19', '224'),
('489974318', 'zcer', 'feqkwxp', 'fsmo', '15', '459'),
('490208467', 'n', 'znefmr', 'khi', '15', '437'),
('494693762', 'ihscbqv', 'hzqu', 'slxrufjlh', '22', '96'),
('496122763', 'xogffwto', 'zd', 'hxiga', '4', '40'),
('496612442', 'fqp', 'kdinkiv', 'gthhafnu', '10', '204'),
('498457878', 'ftxyt', 'rnyygaqk', 'ucboeubvj', '2', '474'),
('500401534', 'omzpcunqcv', 'wuazwlby', 'bmwky', '15', '299'),
('500449663', 'bwzkpdl', 'irrnikj', 'm', '1', '316'),
('501208501', 'cg', 'ochqvngl', 'e', '19', '169'),
('504271580', 'c', 'vep', 'v', '7', '384'),
('504727783', 'swuqnlnj', 'lveadebf', 'zjnwm', '1', '471'),
('506649025', 'svxf', 'gkfpnynr', 'lipz', '20', '454'),
('506703611', 'ur', 'bphoxt', 'wcpojzfqsm', '8', '181'),
('506919571', 'goe', 'yoaewxv', 'bzsaid', '14', '229'),
('507315373', 'bfjjiwq', 'ylhgubupix', 'efxiivn', '6', '73'),
('508825718', 's', 'pbdnewwbc', 'sijzybz', '14', '470'),
('511281892', 'fdks', 'sydasant', 's', '15', '315'),
('514766733', 'qq', 'pbmj', 'chwujuq', '5', '58'),
('517212435', 'p', 'zlrxmgllsu', 'md', '2', '483'),
('517737430', 'glfz', 'pctqa', 'iglfo', '15', '221'),
('519461686', 'oeews', 'jpysdnh', 'cq', '4', '491'),
('519726584', 'nhgjpohz', 'e', 'wxkpw', '23', '78'),
('519912995', 'iqjzv', 'h', 'zdzufdaxs', '8', '474'),
('524071002', 'rm', 'xhyhufnifx', 'ndzvxwxlj', '9', '406'),
('524231783', 'fsgrzz', 'hmkd', 'gimpztelh', '3', '114'),
('526268606', 'fjcmvbksn', 'feefj', 'nqfbq', '17', '403'),
('526400317', 'pbp', 'hjegmffpof', 'w', '22', '451'),
('526548752', 'ksmfncwv', 'dpiodil', 'sugczaw', '23', '371'),
('528337325', 'eqzud', 'gztxvd', 'e', '1', '25'),
('529432686', 'estmejtvl', 'dhxnr', 'g', '1', '207'),
('529690475', 'qxjpmba', 'iih', 'gk', '21', '343'),
('530372145', 'rsvqgsy', 'phwyqctxey', 'nwkeqw', '3', '410'),
('530952841', 'opuydahhis', 'x', 'yiiraxwv', '17', '110'),
('531925042', 'ezeoejffm', 'xljnfj', 'joiq', '8', '201'),
('532440129', 'tfofx', 'ddqafutod', 'nmsyaeu', '8', '433'),
('534115645', 'rphtdnhgmm', 'vhwf', 'wqr', '19', '412'),
('537147228', 'qulaur', 'zsmqm', 'hhmrhlucc', '1', '432'),
('537353682', 'bdiy', 'iazlqqj', 'mmssh', '13', '205'),
('537558324', 'lprp', 'n', 'kcbkgo', '20', '438'),
('543231363', 'qamtns', 'kepronidkh', 'm', '8', '187'),
('544069051', 'jyczyta', 'grih', 'fz', '4', '188'),
('544236888', 'osz', 'cdeqsgndf', 'h', '17', '25'),
('545051309', 'u', 'qipgcnpw', 'wzyorxnm', '18', '188'),
('545635311', 'd', 'rwjviv', 'jzra', '22', '42'),
('548214992', 'x', 'sl', 'pfsif', '15', '220'),
('549706706', 'eaah', 'ysrkw', 'ek', '12', '438'),
('550505725', 'cxnem', 'l', 'i', '20', '19'),
('550745642', 'nqxecirp', 'kfq', 'p', '16', '395'),
('551189504', 'sqsrjmoead', 'gtoi', 'aoomlddfqt', '14', '362'),
('551560676', 'tnzflaodl', 'bu', 'gyze', '10', '246'),
('552788266', 'bbizfoczx', 'nnxz', 'vwnhrxhg', '17', '393'),
('553112877', 'q', 'jkewfyfa', 'exc', '10', '434'),
('554364277', 'ijcv', 'mugqdn', 'kpx', '6', '224'),
('555919786', 'cfu', 'wmrlwxmvz', 'w', '14', '247'),
('555967862', 'fqgokt', 'exfygp', 'acez', '4', '238'),
('561695200', 'cmqcjf', 'iw', 'sshquoigof', '17', '332'),
('562494189', 'tz', 'uzsbmvnf', 'rf', '21', '9'),
('563021518', 'kemd', 'tnkenj', 'hov', '11', '470'),
('563239565', 'sp', 'yuco', 'rtdqdl', '14', '179'),
('563576732', 'hk', 'emlarngdnx', 'v', '19', '8'),
('565322535', 'bpzifa', 'kfg', 'undruddyr', '23', '393'),
('565780058', 'djc', 'twmk', 'l', '9', '321'),
('565863439', 'cerpqjx', 'ohqndhtcp', 'bedmcp', '10', '386'),
('566312270', 'yedhpld', 'rsgiwnfe', 'mlygdyr', '22', '483'),
('568270826', 'ygl', 'venqjn', 'eywaq', '2', '271'),
('570744847', 'hkkqbd', 'fcuawgp', 'fkekdcavom', '8', '40'),
('572545895', 'qidmtaedt', 'csy', 'rur', '2', '121'),
('573353510', 'zidri', 'kefcxrsok', 'rbq', '1', '319'),
('577532621', 'vgwoqytby', 'svcoizry', 'pyld', '1', '367'),
('579243639', 'qryu', 'z', 'zhvn', '19', '435'),
('580152687', 'an', 'pwvursjwe', 'nipfm', '8', '235'),
('583075780', 'ldawzmixfv', 'ftfdodxs', 'ybvttcy', '21', '273'),
('594619071', 'fnipoiopyf', 'fplhnohfq', 'dm', '5', '21'),
('596369262', 'hmabryxzik', 'cibumgncqa', 'zt', '7', '394'),
('602254301', 'mqtgpdm', 'fa', 'ec', '12', '135'),
('603409833', 'ohi', 'mqr', 'ppa', '20', '498'),
('604712252', 'kdyugtpbe', 'lilaykh', 'h', '15', '153'),
('605523920', 'ysdacafctl', 'ktzaav', 'lhnmzl', '20', '227'),
('616106088', 'tgj', 'upmzncklyc', 'wtnwdca', '13', '289'),
('623346425', 'qafpnoi', 'brecner', 'odvetrx', '15', '192'),
('631424964', 'ha', 'eylieew', 'obambzzmw', '5', '73'),
('632971414', 'iupwie', 'nd', 'flemsbrq', '12', '165'),
('634106079', 'ohlqrbuk', 'bjrssogdbb', 'cvvdmalm', '22', '109'),
('634443649', 'r', 'fmwyj', 'qjdri', '23', '401'),
('637821152', 'tl', 'fqgeaklehj', 'exmnm', '8', '67'),
('638754395', 'jrtsk', 'obsohcgx', 'lnbob', '21', '433'),
('643394390', 'bqz', 'kmcldmcqx', 'aqbw', '15', '322'),
('646042994', 'x', 'hhakmlq', 'ekzurmr', '4', '87'),
('647913127', 'aloz', 'bztijlhgnp', 'cf', '22', '318'),
('649857639', 'bvhbfl', 'aqfuvgxiq', 'dhkdluvxe', '7', '258'),
('658219078', 'wfhvpwbf', 'bcts', 'iltaltm', '20', '184'),
('664940447', 'zyfass', 'syefst', 'u', '17', '132'),
('666004912', 'nwfkpr', 'y', 'ur', '22', '185'),
('666250348', 'exve', 'jsrgnwad', 'do', '16', '442'),
('668145451', 'rlkmqd', 'aqpn', 'g', '9', '6'),
('669908565', 'knsj', 'nkrqztxbq', 'fuid', '15', '178'),
('670772181', 'elszglbx', 'gfoidh', 'ohhgsl', '11', '28'),
('671158425', 'gptspnhvfb', 'xws', 'uv', '19', '350'),
('671980880', 'kvmo', 'ptnwnww', 'rtzavu', '5', '362'),
('672115808', 'xwkk', 'sjqoeviqsq', 'tt', '20', '494'),
('676442962', 'hjuvvlcp', 'hgt', 'dnphs', '10', '141'),
('683078294', 'hfaezzzm', 'clax', 'pmbuigcfx', '13', '338'),
('684810090', 'eoucy', 'jvmnlcrvua', 'npkbsjzztr', '7', '139'),
('684883337', 'hke', 'dwwcvwzd', 'fupowhqyfq', '3', '256'),
('686021600', 'zcdgtiez', 'q', 'jvlr', '13', '480'),
('686146322', 'mijhbg', 'yodptomu', 'cornqpm', '2', '115'),
('686767373', 'vqtnutqd', 'cuhjtihrjs', 'mvmrhh', '11', '91'),
('688472130', 'u', 'hak', 'lufuq', '5', '176'),
('694261953', 'r', 'czxmjhtagf', 'tq', '8', '245'),
('695960251', 'b', 'cyvhnnng', 'esrgonkvk', '21', '154'),
('699489567', 'gcahdvxm', 'axeguh', 'yugyvwlpmb', '3', '158'),
('702735338', 'llpeymbsxz', 'ebfqhbrui', 'hqrsjbkz', '17', '111'),
('705772747', 'sfimt', 'qywravie', 'watzhikjfj', '13', '252'),
('707243941', 'rwznqwqlk', 'jfezxeo', 'akbudfpp', '13', '417'),
('708987838', 'ucsptgs', 'ahcbhx', 'rjbkjsntqx', '7', '216'),
('711876092', 'hnslirizw', 'rnlpaypau', 'xfdb', '17', '499'),
('712251162', 'kdlloi', 'i', 'momnv', '11', '436'),
('717214816', 'xnxtpdrvd', 'bpo', 'szny', '11', '364'),
('717413524', 'tdoa', 'cfozq', 'aaxvdafl', '12', '29'),
('720408957', 'ypiw', 'fkwmck', 'oovvrpbwsf', '23', '172'),
('720838594', 'club', 'fyfabbxjw', 'vnyaw', '1', '167'),
('721026554', 'ulmts', 'btuwjxjww', 'qis', '17', '74'),
('725777359', 'luagwpikl', 'altp', 'bysmluaglw', '21', '269'),
('726022796', 'd', 'vgwevg', 'klnlc', '17', '368'),
('727347924', 'hdspg', 'ujmavalvjz', 'nln', '8', '407'),
('727980760', 'bjtzg', 'kacvr', 'dyt', '12', '378'),
('730366564', 'gzoze', 'uzhvme', 'wxy', '15', '30'),
('731651422', 'gwzema', 'lgjpzu', 'qiqo', '10', '275'),
('732161222', 'clztnsvfd', 'bqnxajzf', 'bhx', '21', '45'),
('732594166', 'gmgj', 'sufr', 'ze', '6', '233'),
('732936831', 'pa', 'glnmx', 'v', '20', '350'),
('738558218', 'vomzreukj', 'xqpx', 'lrln', '11', '169'),
('740938122', 'kutu', 'xtlzkiizt', 'dfwamxcr', '17', '133'),
('743050930', 'wzrvxbodcf', 'y', 'bggtxhpr', '13', '420'),
('743409348', 'b', 'havjxa', 'dp', '4', '160'),
('745999087', 'lozpaxxr', 'siiyewobh', 'iyyzhqrlt', '19', '127'),
('747062617', 'xoqnni', 'gkajhu', 'wlqg', '19', '285'),
('747466302', 'esvzsvb', 'ati', 'nv', '6', '266'),
('748478235', 'c', 'lbzzyvyqb', 'kzvq', '22', '68'),
('749383222', 'ckflakuujp', 'vqtc', 't', '11', '126'),
('757922527', 'i', 'qvoyljg', 'pvomjcu', '2', '450'),
('758125185', 'rd', 'pmnwoiujml', 'bnpseqln', '16', '59'),
('758677493', 'ivwjmw', 'bwxzrmgfl', 'dq', '8', '202'),
('761432651', 'le', 'asbc', 'tsr', '21', '224'),
('761517942', 'tfc', 'xabdtzqukq', 'c', '8', '38'),
('767086316', 'syx', 'qqmhdbcef', 'u', '2', '1'),
('767995676', 'hozzmrooy', 'd', 'ytq', '17', '51'),
('774359968', 'suaxxwsnbd', 'e', 'ogjygk', '16', '121'),
('776051462', 'pxnnb', 'roc', 'eyhlrnb', '1', '89'),
('779457122', 'mnb', 'zzrjrqedf', 'nsbkxnsand', '18', '426'),
('781194701', 'przwr', 'htup', 'eddodjbqmb', '11', '255'),
('782767167', 'xhttf', 'pqxlqubdiw', 'p', '10', '205'),
('783583530', 'btlxp', 'z', 'qqyzj', '18', '428'),
('788745949', 'hnpsph', 'cbiuqxlbe', 'suczek', '11', '8'),
('788872842', 'bizhufdfvj', 'fkpl', 'ks', '10', '210'),
('788894351', 'kues', 'yyijuyhs', 'wiurackzh', '22', '45'),
('789289204', 'avyjc', 'stahv', 'mxypouerqg', '7', '493'),
('794909717', 'rkjnn', 'nhewk', 'kfwuwjtlrx', '16', '445'),
('795222175', 'fgg', 'wqcco', 'yai', '1', '245'),
('796930400', 'cx', 'yirm', 'iv', '10', '26'),
('796995673', 'kzpbvm', 'b', 'l', '4', '182'),
('798670793', 's', 'jfqjs', 'ljx', '1', '127'),
('799038470', 'wwvnlfilcw', 'szufuul', 'quxtw', '21', '36'),
('803715638', 'ztswzyg', 'ntp', 'ufpnrz', '22', '100'),
('804449997', 'civ', 'reypzv', 'xb', '2', '326'),
('804521036', 'zywbotpc', 'vibaoz', 't', '12', '434'),
('806919566', 'kmimsdq', 'xkxeo', 'b', '22', '55'),
('808376632', 'kclou', 'yjbejkl', 'jcrfpjhhso', '18', '467'),
('809010891', 'hzexquzk', 'kad', 'bu', '9', '302'),
('809341450', 'xlr', 'jfoqm', 'yqut', '13', '490'),
('811093746', 'cwxibxbfkr', 'kv', 'zlidmg', '8', '261'),
('817202013', 'hpsyj', 'ism', 'bkzti', '12', '399'),
('818511173', 'ur', 'guyp', 'prmun', '2', '351'),
('820464562', 'i', 'sa', 'pvgi', '10', '110'),
('820744126', 'q', 'gkpu', 'w', '14', '292'),
('821140347', 'parqjq', 'xbrti', 'rsd', '12', '370'),
('821394233', 'w', 'ebo', 'nilhhabd', '22', '405'),
('824065688', 'vl', 'pqptp', 'wyxnv', '11', '478'),
('824400539', 'prhfcgt', 'jbaswbgr', 'pmrfv', '2', '368'),
('824748445', 'og', 'rzdbci', 'frl', '9', '357'),
('825120239', 'wfan', 'f', 'pafyyta', '1', '394'),
('825141418', 'gy', 'ycfaouewt', 'twacyk', '5', '7'),
('827019051', 'nm', 'nf', 'yagnbse', '7', '144'),
('827567941', 'l', 'woe', 'ak', '10', '382'),
('828101949', 'axeppyissg', 'q', 'e', '6', '13'),
('829159803', 'fiynzkkxg', 'sywgxjov', 'oajno', '15', '304'),
('831171364', 'bvmgrfyzew', 'sobfer', 'wwukhnih', '8', '111'),
('834207452', 'qgsfze', 'bsbsdqouea', 'sm', '10', '20'),
('835634401', 'x', 'zzv', 'lrhax', '5', '256'),
('836049455', 'lwf', 'qfosnvew', 'tu', '19', '5'),
('836087025', 'cdyzgywpc', 'yiolyzb', 'saftaf', '17', '366'),
('836447180', 'pm', 'bgdvqmy', 'bsxcun', '8', '237'),
('839102271', 'ay', 'b', 'gu', '5', '110'),
('839866481', 'jlwo', 'untped', 'kwqkjk', '23', '207'),
('841254099', 'hkjrliuod', 'yhdhx', 'psh', '17', '229'),
('841897697', 'd', 'a', 'nsx', '5', '288'),
('843947988', 'dawrx', 'gwlnmzdmyo', 'r', '23', '46'),
('845579555', 'ngkki', 'ojfnlatiq', 'rtxvek', '14', '147'),
('846260895', 'hxmuxd', 'fnuxiicg', 'fsxq', '9', '83'),
('848179684', 'h', 'mcmprd', 'alds', '2', '25'),
('848416540', 'ziy', 'qpqshcdo', 'edsvg', '23', '135'),
('850459856', 'h', 'ov', 'hc', '2', '217'),
('850778485', 'xzuhc', 'tflofbqs', 'nxcluldxt', '21', '47'),
('851497081', 'q', 'knwlb', 'acwy', '8', '245'),
('851828529', 'u', 'nfhhtgvoqc', 'veloaxrvol', '23', '370'),
('852290138', 'dyenjscgg', 'bb', 'wtjidwvns', '17', '364'),
('853390152', 'zoqxjhej', 'mxzdjf', 'brce', '22', '449'),
('853502739', 'bynrjbwxuu', 'jlochq', 'pyfdq', '19', '409'),
('857241931', 'omvoxg', 'dicppidv', 'olclzkxyar', '15', '198'),
('857646069', 'qfddroa', 'nk', 'c', '7', '423'),
('858801761', 'mfvgk', 'gpgmty', 'uwdesw', '1', '459'),
('858945406', 'kugrknsdt', 'hcrelfc', 'ohbmoebsxn', '9', '451'),
('859119202', 'jjqmqid', 'y', 'uzrlv', '5', '336'),
('859316480', 'dtthvlnevy', 'qxzmnha', 'fxakvz', '16', '212'),
('860217976', 'eckxc', 'mzjxnezlk', 'gkpdpnlfi', '11', '470'),
('863326803', 'yvhujijy', 'stlwn', 'sxvpeedo', '19', '382'),
('864436476', 'ojlqw', 'tqpg', 'pfgwqxa', '7', '394'),
('865233385', 'ou', 'eseewvgvsk', 'megic', '13', '473'),
('867441044', 'pns', 'kjvm', 'amoouocay', '22', '95'),
('875887659', 'x', 'clvrm', 'zsrpfglqqf', '12', '207'),
('878293673', 'fqm', 'qodycew', 'dk', '1', '494'),
('880015979', 'ujqx', 'ryccw', 'reluhncsi', '18', '5'),
('880033273', 'ipwolg', 'opoxi', 'ypldcvqt', '5', '309'),
('882844721', 'arlvuyy', 'd', 'dof', '16', '190'),
('884409018', 'axlcr', 'sq', 'ddelegjpw', '6', '300'),
('888652966', 'skhoqk', 'ef', 'ndpcsjagha', '15', '9'),
('891169822', 'ugdnxnmsag', 'dhvbup', 'wyajzjvoc', '5', '218'),
('893263038', 'yiftssx', 'dmuvm', 'r', '22', '103'),
('894545888', 'azf', 'ktndqiprv', 'zual', '21', '175'),
('897017638', 'xdtteqauo', 'nqjtqzkj', 'ddwd', '4', '258'),
('897177382', 'oadwmuffgu', 'f', 'esc', '23', '149'),
('902509392', 'nx', 'mmy', 'xvdekc', '19', '494'),
('908904980', 'xx', 'zdepxjr', 're', '12', '137'),
('911534253', 'jfa', 'bbpclwj', 'ygro', '14', '426'),
('912024230', 'odn', 'epf', 'uswjun', '11', '138'),
('912076747', 'oeu', 'bypp', 'vcxix', '6', '268'),
('912166650', 'dfo', 'rfht', 'yfmwxjvum', '22', '418'),
('912576594', 'zouidgg', 'ksqob', 'jlznyihtbp', '16', '221'),
('914458293', 'lzhiwdsq', 'hpwntbnam', 'atnbojz', '18', '117'),
('917026588', 'bzrihoyrmz', 'qlogwwyahc', 'zzcm', '1', '384'),
('921607700', 'tnpxltfsi', 'ieqw', 'wkvvfzzx', '5', '5'),
('928688518', 'jqiy', 'icvg', 'dvi', '12', '134'),
('929425164', 'pgww', 'oe', 'nvigu', '7', '381'),
('935484934', 'itq', 'azrgatbtn', 'usodm', '14', '77'),
('935907741', 'uzr', 'xjlbqrosj', 'hcwuufmpqk', '7', '234'),
('939765711', 'suzzszotjk', 'e', 'cgukhpxtci', '20', '435'),
('940070505', 'f', 'nhvahkfopu', 'zzwvy', '22', '197'),
('940445270', 'eftuts', 'vggxtvcyl', 'r', '11', '355'),
('945271987', 'a', 'th', 'cymedhh', '16', '82'),
('951053278', 'ra', 'gugb', 'kmfzs', '4', '306'),
('951671769', 'a', 'f', 'vndshr', '19', '322'),
('951673336', 'ehccwftcb', 'uufsxct', 'm', '5', '218'),
('951778894', 'joxsxuudx', 'ud', 'dojxobs', '6', '459'),
('954745801', 'qfjsh', 'zcsauefbq', 'hv', '19', '106'),
('955107539', 's', 'zz', 'hgxymz', '11', '72'),
('955436837', 'gzc', 'oaeslge', 'nrarwxcs', '13', '313'),
('959133800', 'iho', 'ke', 'brrnh', '11', '26'),
('960043587', 'xwokhiw', 'bdbyrcra', 'vrbff', '1', '363'),
('961726793', 'ar', 'dve', 'vuiozhan', '6', '485'),
('961826950', 'nv', 'ow', 'zrak', '5', '56'),
('964013724', 'ihkazlsyzx', 'auach', 'fge', '19', '485'),
('966372199', 'zldhxiiv', 'akjsnasgdc', 'ktmjwx', '12', '348'),
('966395551', 'evvgqs', 'hieeiy', 'lnxzguh', '18', '144'),
('966609180', 'opnrb', 'moqcrzxe', 'aikiuwwgf', '9', '49'),
('967013426', 'bptdkvvt', 's', 'wkppueuf', '11', '450'),
('968941218', 'emoyy', 'yj', 'mq', '10', '61'),
('976042785', 'itlymq', 'uxqhlcog', 'nsa', '11', '144'),
('976817500', 'slmafj', 'sxuso', 'gwq', '18', '337'),
('976951948', 'embfk', 'kwfyo', 'cdfc', '22', '331'),
('980904558', 'wfof', 'xcwntrpqpj', 'nrzvqwlj', '7', '205'),
('981888344', 'soswoanghw', 'baosbrdod', 'u', '16', '375'),
('984048576', 't', 'yo', 'omsyegjq', '17', '7'),
('985035625', 'sjs', 'qxbwowzp', 'uinknbfq', '18', '269'),
('986408481', 'zmbuanc', 'ocm', 'tz', '2', '472'),
('990519687', 'hb', 'upem', 'nam', '16', '496'),
('994302729', 'oyrxelwz', 'vb', 'vepzjstpv', '8', '79'),
('996266976', 'd', 'inat', 'ugmdqgt', '20', '362'),
('998436874', 'jnrkrkr', 'a', 'bwwbqnmwy', '2', '421');

CREATE TABLE `Contacto` (
   `Cuit` int(11),
   `Telefono` decimal(10,0),
   `Cumpleanos` date,
   `ID_Contacto` int(3) not null,
   `Nombre_Contacto` varchar(20),
   `Email` varchar(60),
   PRIMARY KEY (`ID_Contacto`)
) ENGINE=InnoDB DEFAULT CHARSET=utf8;

INSERT INTO `Contacto` (`Cuit`, `Telefono`, `Cumpleanos`, `ID_Contacto`, 
`Nombre_Contacto`, `Email`) VALUES 
('153983696', '7169573500', '1965-05-09', '0', 'wabggzhyn', 
'hmbcyqlqvm@diynvdba'),
('517212435', '2730766580', '1949-12-31', '1', 'unk', 
'lotopqzktaoxbs@uncjrssp'),
('583075780', '7456030271', '1921-07-05', '2', 'ytkrvtk', '@unvrnnndmpqxq'),
('845579555', '5816613887', '1952-05-07', '3', 'wo', 'udx@frijsvxi'),
('308097244', '3693889507', '1942-11-15', '4', 'okgrfkzct', 
'mrtfdxuryapxtgalb@kvshvu'),
('834207452', '6789494443', '1912-12-02', '5', 'mhzrnvomzj', 
'rdellrfieyvvo@lusmezxvkeea'),
('402173994', '7985857240', '1954-06-07', '6', 'tl', 'kkffbyaopw@kapjfd'),
('820744126', '9237461170', '1944-12-06', '7', 'rnfl', 
'ntxgobuxazgjyhhqar@trkfuosavjk'),
('776051462', '9088938662', '0000-00-00', '8', 'hyh', 'jpjiqh@kcesbrdepc'),
('373239307', '2430893866', '1937-04-17', '9', 'wjmqelocj', 'wwvozbbb@qy'),
('464545574', '7281140700', '1926-08-29', '10', 'kwtctder', 
'ujdpvipn@rmypjegrvtounhiod'),
('858945406', '8973642821', '1937-01-18', '11', 'oalovy', 'iebkgxra@jlcq'),
('421089113', '9092765029', '1943-01-21', '12', 'hirwp', 
'jykqjbbyipt@tglrljmrhqmjtrbs'),
('749383222', '9419325160', '1998-07-01', '13', 'sykawvlc', 
'wdpmfmaxosy@dspsshyakvesgqhu'),
('228297477', '8692720537', '1989-05-05', '14', 'flqisz', 
'omkilg@owmrjihufqra'),
('197014669', '6121459166', '1921-09-19', '15', 'bfmfx', '@wyhvpkkmupfjqjyzz'),
('519726584', '4455396380', '1953-08-25', '16', 'isiwzpmolw', 
'zmgdzxs@zabfedo'),
('550505725', '1425771346', '1957-11-11', '17', 'nyzypohw', 
'sfyufpteeyct@matphukkdrzxa'),
('551560676', '5591548733', '1996-06-09', '18', 'rwdzbgqdak', 
'qhlfxcziw@fhgpkqho'),
('307613577', '3119393722', '1943-07-05', '19', 'ldlqqf', 
'lkywakccvgf@knnfskimkarg'),
('420873408', '8311142980', '2003-05-02', '20', 'rxuxc', 'taeobvk@imosmdut'),
('688472130', '8954008341', '1911-09-14', '21', 'nrg', 
'hszdbvue@ahczwodlznqkoycqoo'),
('980904558', '3775221548', '1966-03-19', '22', 'k', 
'kccuconquged@gkurrhgxtfdr'),
('336211157', '2971232290', '1957-05-08', '23', 'tjsk', 
'srmagozazwsdudwf@nnowcwwfbr'),
('568270826', '3478687043', '1920-01-06', '24', 'i', 'yjxexf@gpfkmu'),
('207066271', '6820936516', '1979-12-30', '25', 'fllvtv', 
'jpmgopyholvuz@cermyyetmndzgs'),
('158884038', '3269586740', '1997-02-03', '26', 'sdvwadk', 
'qtfeaumsoyzuuc@npnii'),
('281882838', '1577314888', '1904-02-12', '27', 'wsaehlbu', 
'vnbnhgqokorfu@ctxpcyzgnr'),
('137483223', '3024694162', '1992-06-17', '28', 'seaja', 
'saefgrnjyvu@teiqukda'),
('295715306', '8485096905', '1997-10-18', '29', 'd', 'ubiyvm@iyfctlyxlgzm'),
('732936831', '5401834750', '1980-05-24', '30', 'tn', 'nyqaxstqaeqdep@u'),
('330323860', '1352710743', '2002-09-28', '31', 'cqrvonu', 'przvolaom@'),
('147085417', '9962634723', '1904-12-03', '32', 'mxepcgq', 'wtisexkugq@ksxg'),
('111126771', '5582158955', '1950-10-10', '33', 'xf', 'axscwpxuf@pltmthhfwrnm'),
('454206763', '1565099453', '1940-01-01', '34', 'lsimjzdm', 
'dxjssukuap@evjnyrjttozyzgh'),
('253426070', '8873096631', '1938-03-06', '35', 'vzrbtstrct', 
'@tpotwsbiohfalj'),
('304862903', '2053443009', '1981-02-02', '36', 'rgwhwdcgvq', 'qgtesf@'),
('185492612', '6652385087', '1959-12-23', '37', 'ijtxwzdyt', 
'wovpgv@rzfuhlnbpudvy'),
('471886462', '1613057971', '1917-11-02', '38', 'aqnp', 'omlazjoqs@syeaxdptdj'),
('976042785', '2507205028', '0000-00-00', '39', 'rkaqa', '@xwqzivckx'),
('534115645', '6913328991', '1968-01-19', '40', 'n', 'fuhwjhwjehnwmi@'),
('149779362', '7869331322', '1996-10-05', '41', 'ruiktt', 
'mbfnliloej@mrblomem'),
('312763749', '9211286003', '1966-08-10', '42', 'yfg', 'blm@fveopqn'),
('119112699', '4532003964', '1998-09-15', '43', 'bwzmbkju', 'ocbkxyrn@kjb'),
('190986527', '8981393209', '1969-02-23', '44', 'dnvmd', 
'xwbdpcs@erfdfdixmtwwv'),
('115360236', '3697464762', '1953-12-31', '45', 'lepnothc', 
'pfwsupo@grypwiphcpxlb'),
('344292133', '3253505395', '1950-01-30', '46', 'szewycde', 'oaatvohufz@xpdcz'),
('720408957', '7908886684', '1953-12-27', '47', 'awt', 
'bzrsqfvbtfrc@xggxmffhv'),
('551189504', '5782668492', '1928-03-06', '48', 'bbbtu', 
'yeyrlaramtsirq@mrscd'),
('386929877', '6296426667', '1941-10-22', '49', 'zxiwf', 
'pcehggojrinmmt@nfxfzozgllgcib'),
('928688518', '5291137550', '1903-08-09', '50', 'lbourncze', 
'jzcooomdrqxhcz@etayvxs'),
('863326803', '4564146519', '1945-12-06', '51', 'xsvtl', 
'wcgbcaibbcwu@ddtfrdmea'),
('114405499', '8512789812', '1973-09-05', '52', 'rznhmbk', 
'sjksnwgn@ldfqeldzqdoiknnbff'),
('875887659', '4221659145', '1917-10-09', '53', 'npeudxx', 'yy@'),
('517737430', '6771736946', '1992-09-10', '54', 'lazqzx', 
'eihumpdfyhwsfhogd@ws'),
('134023855', '6307211810', '1984-01-17', '55', 'jsieurk', 
'mksyeoci@qprndigllieu'),
('498457878', '1927258445', '1962-11-30', '56', 'mkdijoi', 
'zjvrvbfaiuncpyl@wwnyosmlvn'),
('683078294', '5895694540', '1988-12-10', '57', 'ee', 'zjkvl@iwbm'),
('666004912', '8740863995', '1967-06-16', '58', 'q', 'rcqeqlpqzlykw@w'),
('967013426', '6797037583', '1900-05-18', '59', 'tgkwuuhmxk', 
'gnmofjcvf@tzijskexvjzvkqlqq'),
('392310797', '9279505348', '1960-11-13', '60', 'as', 'ksdbiphkytc@zglxupko'),
('831171364', '6385744480', '1921-11-19', '61', 'p', 'kbjnfnpshv@qxavgu'),
('101876507', '9499483898', '1958-01-29', '62', 'zx', 
'zkkvn@xddsrhgwaofodboxif'),
('400564844', '7669059596', '1931-11-22', '63', 'w', 'dnvvvkt@kulhxvduzvfb'),
('108363239', '9638271195', '1952-01-03', '64', 'rdybecc', 'juiggtrqq@bk'),
('257982926', '9315509193', '1989-01-28', '65', 'vtltijd', 
'oxeeb@fmapgiaybgttq'),
('312683264', '8408497786', '1936-01-26', '66', 'u', 'fdsxngyzieoge@qhdwv'),
('500401534', '1571898507', '1977-02-09', '67', 'jdxpiirw', 
'xgxyvjovildjez@saoqu'),
('579243639', '7212562203', '1919-04-25', '68', 'gmggadqlr', 'qekhhbdon@qukx'),
('199998462', '8289612826', '1998-04-11', '69', 'bocjkvsob', 'lmukaacylaim@dc'),
('100682746', '5800605385', '1914-06-09', '70', 'wtvmwc', 
'sxvqalkwz@stsuldbxkzdqbjziuo'),
('616106088', '8811852301', '1977-04-02', '71', 'cfdgja', 'jcqvnhik@dkngnrh'),
('452694049', '6444362901', '1930-12-01', '72', 'fuyen', 'hwcq@wywxmjbbtimbes'),
('865233385', '8460509641', '1989-08-21', '73', 'rnedbt', 
'emnnzvfan@dbqdcpmrhxvwfatt'),
('115213803', '4656782921', '1987-03-29', '74', 'wznzoxgu', 'emj@sctz'),
('190840014', '3494245920', '1930-03-25', '75', 'ud', 
'bkdcxgsjzdsuqrw@swwhepwn'),
('104907104', '4304969834', '1956-06-14', '76', 'oovzyup', 'lzj@cjaejupwk'),
('935484934', '7100046426', '1971-04-02', '77', 'oibxg', 
'sdjyvbhwtqnhlriz@jcixqckk'),
('316008921', '9361092677', '1980-12-14', '78', 'cxntibme', 'ixrcxdlwvp@sufj'),
('255644081', '4347420015', '1976-08-05', '79', 'nkqjehwno', 'wih@imlwj'),
('563021518', '8228314800', '1935-10-09', '80', 'wirh', 'hzyywlukct@hsmuurjn'),
('227088379', '6519061482', '1939-11-08', '81', 'fbdmtxfqs', 
'sbzmmylyuo@chxxntqibhel'),
('397488214', '6685383267', '2005-03-18', '82', 'yc', 'q@ignxdtdonmwpfj'),
('423551843', '3776145393', '1987-07-13', '83', 'iejiqhypit', 
'iiiejcj@nvrkxbrilullqn'),
('789289204', '4766764769', '2003-05-11', '84', 'l', 'pjbihmlmsj@yulmgqeeq'),
('951778894', '8327613034', '2004-10-11', '85', 'ngg', 
'bziwkzdacikk@gxaewkvezsf'),
('506649025', '3612521576', '1908-12-06', '86', 'ne', 'lrpuyvlta@kewgdiat'),
('811093746', '1515663771', '1919-02-20', '87', 'zuvgiyfo', 'tcwouc@zfwre'),
('529432686', '2401175881', '1958-06-23', '88', 'cohavynvzd', 
'neqxopq@gaeiyjpcchkray'),
('134880187', '5592361388', '1945-10-24', '89', 'ha', 'fzsjoukwoww@efllnwji'),
('463320107', '3891456373', '1982-10-14', '90', 'ylogtr', 
'trxexd@untjkxlebsqti'),
('243449323', '2204180264', '1992-04-21', '91', 'xaflqv', 'ejzfucwcyvzoh@'),
('278378239', '8202798289', '1933-08-20', '92', 'pfbm', 'osciosntylf@lsl'),
('821394233', '7264322589', '1913-11-09', '93', 'psya', 'xvzcgy@uvlyu'),
('788745949', '2140377251', '1961-03-14', '94', 'ch', 'tsmkryxdut@iypfxvzwcx'),
('148273289', '4223382589', '1939-02-08', '95', 'cfrugqozvn', 
'giomb@diclpecdui'),
('803715638', '6068728998', '1933-11-06', '96', 'nejcdaha', 
'cjuxqqqhilcyes@cfkjxoxgfk'),
('528337325', '7351050665', '1952-10-12', '97', 'txpcbbziq', 
'ntlbl@jswgxkajcnqv'),
('157002902', '9411511359', '1946-06-04', '98', 'dcru', 
'mmtktxozpttmci@nzyxthg'),
('519461686', '8527470180', '1956-08-16', '99', 'jusdqyok', 
'zshrhahblrhh@vgvymoukypvbygx'),
('488342559', '1458228195', '1959-06-13', '100', 'sqvbzfj', 
'eaaqckmah@mixlslwfnssb'),
('133687720', '6368188807', '1940-02-03', '101', 'yfxvfcun', 
'wpxouowyihaeoft@owckfngj'),
('702735338', '8073880342', '1946-05-14', '102', 'vup', 'toax@cssaplrk'),
('241517880', '2108193407', '1902-05-15', '103', 'opd', 
'iinghwxcxibgd@nacbtzz'),
('851828529', '9106825044', '1997-10-21', '104', 'ajtxbx', 'kwn@aoqikpdqjbdm'),
('253234941', '7395210182', '1989-12-29', '105', 'k', 'eponzav@jblvogntcsk'),
('496612442', '8051138661', '1979-02-01', '106', 'ww', 'wumjop@kgzyuks'),
('799038470', '9664241082', '1909-04-09', '107', 'gklrzcwdu', 
'wkmlizsua@dsfcnkdxxjaep'),
('417961622', '6994279673', '1908-04-13', '108', 'iukizqodv', 'gts@biknilsc'),
('809010891', '5245146419', '1942-03-13', '109', 'mzd', 'rtrggusbv@t'),
('829159803', '5125182674', '1965-12-06', '110', 'xh', 'pbghprzteqai@kkxkdaou'),
('984048576', '3854681561', '1948-07-13', '111', 'heqg', 'gfvrcfhwmjp@zoxdfw'),
('300875565', '1218351731', '1989-11-15', '112', 'expxu', 'ludx@ctzmlzax'),
('295412363', '7905862271', '1950-05-24', '113', 'nhrqjyuaa', 
'hmrywtqcgqzqnfn@cnfjdwbode'),
('808376632', '4764237675', '1940-11-17', '114', 'pz', 'fjhpe@stvt'),
('658219078', '6815999825', '1952-01-08', '115', 'mwvf', 'klwalwwnhzh@fbangaz'),
('121963743', '2405654729', '1903-04-13', '116', 'xatwsilz', 
'nukuuqnaykavxhus@bsmecljbx'),
('853390152', '1028062767', '1924-04-18', '117', 'hdars', 
'ebavtpinqp@tnvcynki'),
('951053278', '6415956466', '1947-02-23', '118', 'fexjazrh', 
'lzvpmaqwklwbi@qebajzm'),
('848416540', '4573338791', '1970-10-28', '119', 'hbypwwv', 'mifawasuxict@v'),
('550745642', '5639432100', '1911-04-10', '120', 'f', 'gpemoylsyb@nwc'),
('669908565', '7574931273', '1980-11-29', '121', 'vz', 
'vowivbmsnufpmfp@wnwjxmpslvtz'),
('526268606', '6502156445', '1979-03-08', '122', 'azoyvhlait', 
'bpaaoojgszloyed@dfplsacaix'),
('187135110', '9403965863', '1950-03-28', '123', 'pscefzig', 
'syqthkck@heotdrwhc'),
('313570663', '3294975283', '1910-01-11', '124', 'ahoc', 'fvjntqhfudx@lfo'),
('998436874', '1577833970', '1925-04-05', '125', 'ftwphrbhro', 'it@hfle'),
('721026554', '6328415537', '1909-01-05', '126', 'yumijspc', 
'pvsocegiffl@pcrhgvxupkrhff'),
('562494189', '9923958786', '1912-04-22', '127', 'jdwtksu', 'cn@nrgutalmso'),
('850778485', '1190901361', '1959-12-30', '128', 'oxbsg', 
'atznkgetpht@oaxftry'),
('204377190', '4322875853', '1932-01-03', '129', 'r', 
'darxunxeobcdvke@fhrmkdjsbembc'),
('314392675', '9593481877', '1914-07-03', '130', 'jvrdpae', 'qgq@ybcbpnwihdda'),
('246647048', '3585778059', '1935-08-24', '131', 'l', 
'psizswxhmkbzs@ymxbteikprsyrf'),
('846260895', '3971755611', '1900-12-04', '132', 'pc', 
'etbffwwizcwlciygpe@ept'),
('912076747', '2285213965', '1964-10-02', '133', 'tabprakh', 
'uaichqgy@ujzwcsy'),
('767995676', '1730934587', '1940-02-04', '134', 'fi', 'kdctteberk@henphka'),
('526548752', '3594372418', '1918-09-06', '135', 'fyjt', 'lfwceox@ibjgbkdc'),
('727347924', '4245981152', '1915-08-29', '136', 'ewg', 'mzmgtiwiy@ifduek'),
('213328134', '3872482748', '1943-09-30', '137', 'genfpho', 'iarmk@px'),
('748478235', '9275317289', '1904-06-16', '138', 'ujushcf', 'pzqquh@ocyzpnx'),
('140219330', '8566044488', '1950-04-10', '139', 'jcsdk', 'kezk@cgmemrolh'),
('604712252', '6774520617', '1994-01-28', '140', 'cfezmko', 
'jfuugavzvlf@gpgqghbmdpvgbgc'),
('321691211', '8728398170', '1988-11-02', '141', 'yuetzffyn', 
'mhmfaopgvo@juxiyfi'),
('638754395', '4530524427', '1940-05-13', '142', 'ojaaubf', 
'ygggwcmflngk@telrrtmeuanjsk'),
('151644905', '4426562970', '1982-10-06', '143', 'rix', 'urrkgsgev@fwaet'),
('287516840', '4190923214', '1993-05-16', '144', 'ooxy', 'nqmeoa@lgencuxjuusv'),
('526400317', '3077053523', '2005-01-03', '145', 'fltvwnfdqy', 
'pxjjiolz@zurqqmmnnqejkk'),
('573353510', '2293959661', '1946-08-02', '146', 'x', 'pxesaqazyotsnvhox@hj'),
('804521036', '4505533635', '1975-03-17', '147', 'i', 'fxhmetffqbgroe@poks'),
('912024230', '4266833943', '1948-11-20', '148', 'qgjhev', 
'nzluoqjxqq@qiftmdafknq'),
('951671769', '7443378195', '1904-03-12', '149', 'c', 
'lkmowkvkkjh@gxtyrlrfzwo'),
('235993954', '1382281059', '1928-04-17', '150', 'c', 
'mkkrjaidnjgvln@jtbakuwca'),
('131087410', '5990345728', '2003-12-25', '151', 'cvpbkjpel', 
'xzfwtjysqmsgh@amlzelld'),
('670772181', '1010715474', '1908-11-10', '152', 'pn', 'xkqvzniq@ios'),
('230391840', '9601344145', '1924-08-30', '153', 'oqneosv', 
'hqyvdydhgycwccy@kbnxlogzddatqqtmv'),
('367503016', '5777999005', '1961-07-22', '154', 'vctzjwtuvk', 
'twahtrrjzvf@qplyxvfkjdxmzp'),
('914458293', '5310158179', '2000-02-05', '155', 'gxn', 
'suzagkilhzsc@katjzvujzotjc'),
('841897697', '9234624036', '1965-04-05', '156', 'iln', 'whjvsard@nzakz'),
('818511173', '3115302641', '1953-01-10', '157', 'zqfogzxexz', 
'vtxf@vhqowploeyq'),
('314926346', '5977157597', '1942-11-19', '158', 'uf', 'dspsxe@ktcrfm'),
('313064601', '5050594804', '2001-09-06', '159', 'yndm', 'zcahswz@qkf'),
('406795603', '6866478331', '1951-02-11', '160', 'z', 
'ufvpwweospmqdu@oofqbkjacfnrfg'),
('860217976', '3873423312', '1988-03-16', '161', 'grvydm', 
'j@oejnufppugfurxyb'),
('951673336', '6038771428', '2005-01-29', '162', 'tpinquzyi', 
'bcvngwycuj@yplpo'),
('985035625', '1295909561', '1950-10-01', '163', 'ybe', 'hvaricxodg@ybcry'),
('373656977', '3355877270', '1973-12-15', '164', 'qunerup', 
'xnhnbmqpfor@gtqfmvaazec'),
('806919566', '2976547816', '1959-07-01', '165', 'gifsrmas', 
'fjogftyq@uiynvix'),
('864436476', '5349869718', '1941-03-15', '166', 'pqckvjflsw', 
'yezcasxtwzlktmq@youulqfhl'),
('695960251', '5761642777', '1960-05-21', '167', 'bvzoiyfd', 
'ocjcxkfjjgusyz@zhihoyhg'),
('686146322', '3064676764', '1919-08-22', '168', 'fzztqpubcc', 
'lipnmsgkmddo@nwgtbvbh'),
('221874246', '8389411195', '1967-10-02', '169', 'bv', 'z@uts'),
('145347586', '2805825218', '1916-05-31', '170', 'zruqtw', 'vkp@rpn'),
('935907741', '4607730974', '1961-03-04', '171', 'hxff', 'fzffpfcibn@rno'),
('490208467', '2882661888', '1966-06-10', '172', 'vywgnjjpbj', 'dvpgj@j'),
('852290138', '1848974016', '2006-08-29', '173', 'rjulumkuxs', 
'tcwdxjtxi@shtlo'),
('415551109', '9181875616', '1980-06-29', '174', 'spovbeo', 'cdt@hkgwtiarm'),
('136810249', '9778248785', '1940-03-09', '175', 'fxrhhyl', 'byai@hyg'),
('851497081', '4324578316', '1914-04-06', '176', 'fntohr', 'hhgpl@nxxoqmetw'),
('637821152', '3679916068', '1967-07-27', '177', 'ffnwebvpne', 'dtvu@odj'),
('430438574', '1046079611', '1988-12-30', '178', 'nrc', 
'rqeztacsjswgpfa@eibxekpyac'),
('605523920', '1948677972', '1900-04-05', '179', 'hjsazboobq', 
'jarwwrgtlya@hwnbu'),
('431671244', '2372560303', '1949-07-26', '180', 'ruzlwjls', 
'znfxcm@sbbnmfhvoarbpgvr'),
('222280729', '8892977684', '1989-12-10', '181', 'wd', 'zp@vjxdvfimp'),
('809341450', '5931420066', '1914-04-12', '182', 'wuhnkitseu', 
'iumwbeljljd@bow'),
('732594166', '5156862836', '1972-06-09', '183', 'yio', 'ybfgh@hhvqgcvcaf'),
('504727783', '6894753844', '1950-01-23', '184', 'yktsjjrrzk', 
'ggwecnlafqzkuc@mjtlndcdlnin'),
('804449997', '1498436001', '1904-11-04', '185', 'yxnerjxg', 
'zqhnvavpvyg@ucpxlt'),
('671158425', '9626229655', '1982-10-26', '186', 'hu', 'arrbdholfpdaohy@hfwkj'),
('727980760', '9407836284', '1987-07-15', '187', 'byrdlz', 'narmkzp@jgedqdn'),
('705772747', '6040454531', '1940-10-11', '188', 'nhcui', 'zgqakozaegwdqp@kbj'),
('430056298', '1638215890', '1912-01-30', '189', 'ob', 
'agpdqo@xhxyemuphgjkgtgwm'),
('294913866', '1897841864', '1939-12-04', '190', 'mhdavbslfa', 
'zinseaap@kcroyiairhexhmc'),
('253697446', '8033838520', '1902-06-18', '191', 'eqek', 
'jpvedlkhetpohmq@wpamwopqerrn'),
('196455545', '3412204309', '1967-09-23', '192', 'pctensc', 
'icjtequvgxjii@wrouff'),
('274030204', '4481643033', '1971-12-30', '193', 'nh', 
'brmqwyfq@fzeqmkqtnconee'),
('511281892', '1885486357', '2008-09-08', '194', 't', 'ses@ji'),
('717413524', '4997316690', '1949-09-04', '195', 'sds', 'icgyuxnqt@mqk'),
('996266976', '6582729535', '1939-04-26', '196', 'vlalrrusl', 
'myalimi@pcqyesuz'),
('555967862', '7907738494', '1967-11-12', '197', 'qjqojm', 
'sqdoafepclc@wytokmtmr'),
('475933057', '8628392380', '1902-08-25', '198', 'x', 
'xvzefadzrpvoccngb@zhrzbhcls'),
('730366564', '5422543730', '1982-10-17', '199', 'kjbr', 'srr@ivymqwkqe'),
('966609180', '2331754646', '1976-02-08', '200', 'sfonvbqq', 'rch@mjnazmimoj'),
('603409833', '6431349657', '1945-02-25', '201', 'dgf', 'hdeqrdouzm@ugiswv'),
('743050930', '2463606920', '1931-02-28', '202', 'cunov', 
'xtmalqqlysxmmim@yvnfwcs'),
('666250348', '3458958963', '1995-02-10', '203', 'uuftl', 'gkwn@rrzcpeoskfjw'),
('594619071', '1816987064', '1975-09-13', '204', 'ujjpfy', 
'wbjivhxjqw@qafprohewzukxjypl'),
('686021600', '6972511740', '1973-12-01', '205', 'ofqrpqtd', 'fdyvxw@bruhcy'),
('359973112', '4068424154', '1981-07-09', '206', 'jlbu', 'kzwsafhx@hghydjdz'),
('966372199', '1936823470', '1918-06-02', '207', 'aldda', 
'qzchajryp@nlbidolazhq'),
('508825718', '1991448086', '1935-07-11', '208', 'fhj', 'hgdfswab@msyohbrv'),
('307903361', '9281386004', '1917-09-15', '209', 'kpnspzrb', 
'xmsjrcago@qaewzolqtkri'),
('954745801', '7128067148', '1937-04-04', '210', 'c', 
'pdcqozzna@akiljwzwtrxpzw'),
('725777359', '8848817155', '2007-08-05', '211', 'orfjx', 
'jybftafqnk@gcgibxtatkbnf'),
('397938217', '3332414584', '1976-05-22', '212', 'pw', 'fpttwjkgxo@rjihjhvyul'),
('394858825', '7781320148', '1909-03-26', '213', 'a', 'ecanqvkqanz@taivzfmv'),
('880015979', '2660120786', '1986-04-01', '214', 'tkbtkgp', 'ixyo@eq'),
('294844849', '4010362880', '1990-04-11', '215', 'zn', 'fjovqxtkwdhih@v'),
('761432651', '5222543166', '1972-07-22', '216', 'i', 
'ierrzrgqrphv@zsqzlcdgtbpuj'),
('994302729', '7242618469', '2006-09-10', '217', 'etsrzyw', 
'abusukbcnvb@gqfvfxpy'),
('129736771', '5662589501', '1926-11-28', '218', 'wpdqekqe', 
'kkoxosiqiihkixbq@wlsldiss'),
('235077880', '4392220736', '1967-05-25', '219', 'jklaciyaze', 'acb@neouq'),
('825141418', '4832525916', '1945-09-06', '220', 'kxb', 'uavg@belvozdmnx'),
('828101949', '5915586809', '1939-04-21', '221', 'casjbplq', 
'grvjoxgnstkomx@yuo'),
('676442962', '6261784268', '1916-01-01', '222', 'hwbhqcqw', 
'aagtbwyjjm@uuvgbcmsdzw'),
('260174011', '8187718579', '1913-04-10', '223', 's', 
'pwbpoknjkwkyw@kdtvrzvmtg'),
('824400539', '8107021051', '0000-00-00', '224', 'qwhv', 
'pbybuihhbwgydacrrn@umgenvcjlwprwk'),
('891169822', '1321700282', '1943-08-31', '225', 'mgnbnmwg', 
'uqbmixdp@elpzghk'),
('858801761', '8553886765', '1958-01-16', '226', 'lnsoin', 'fadbtjvhbg@'),
('545051309', '2648842857', '1918-03-31', '227', 'fpslos', 
'hmffg@oyfxfmxqvyqok'),
('486984076', '3335667315', '1926-08-16', '228', 'wvpxocum', 
'byyqhbv@kjqxpmkbani'),
('634443649', '1786215691', '1944-01-29', '229', 'afeytd', 
'qhdcynazh@frmclclxazkbjkly'),
('796930400', '6922197583', '1987-02-14', '230', 'ebhgimcs', 
'cfkonedy@ninmdckzql'),
('452135482', '7297928890', '1982-01-16', '231', 'b', 
'qhmefonbsflao@kdsdwxarnnmxt'),
('226070150', '8685591874', '1922-09-16', '232', 'g', 'vggumaiqf@ehabc'),
('553112877', '8581678504', '1901-03-28', '233', 'ltqcrqtn', 'pyybjqt@xhavjed'),
('504271580', '8446903337', '0000-00-00', '234', 'lqkffpq', 
'glrvqz@yrpobrurylcsqwrr'),
('959133800', '4910651779', '1970-01-23', '235', 'coyez', 'djccwa@xkxn'),
('113663475', '2029203749', '1999-01-27', '236', 'j', 
'taxasahaocfaxqmz@pdntykzhxx'),
('745999087', '5082133764', '1975-06-18', '237', 'jcc', 'spnjienxkilk@mnawjuj'),
('531925042', '8247839241', '2004-10-17', '238', 'vv', 'ufjyemhw@kymetivoc'),
('859316480', '6529190828', '1961-06-15', '239', 'o', 
'ofrmruictmpauglka@egsuxwdkg'),
('544069051', '3250876697', '1909-07-15', '240', 'fddijt', 
'wvtweyrsmr@dtqbnmdvvxs'),
('400044841', '4516254763', '1913-07-06', '241', 'nrumkrqh', 
'dsnpjoqqeyl@ggqgvixyjrktom'),
('372539126', '5343019032', '1999-12-10', '242', 'qdvfwyph', 
'sttutkk@nerdycqg'),
('720838594', '2205461711', '1944-09-04', '243', 'twqclci', 'nzhvqllm@b'),
('267529100', '7210837390', '1951-12-06', '244', 'veddxjmdbv', 'qyk@j'),
('649857639', '1568405435', '1948-07-10', '245', 'ldhbmgoslp', 
'zfpjvmoxr@nocejejyrewj'),
('471059623', '6118295845', '1994-12-07', '246', 'asou', 
'crpijelk@uvfpvxhilxi'),
('596369262', '1188186251', '1975-05-31', '247', 'eqaotb', 'zjkleovujat@h'),
('141709309', '2391813613', '1940-01-20', '248', 'chmcf', 
'srmzbqdlxc@riwvtcvmfhkiaczc'),
('911534253', '9277520354', '1911-08-08', '249', 'pnlmn', 
'osoueqsyatgfm@ounskbzhhm'),
('530952841', '6567815318', '1920-07-25', '250', 'f', 
'gdgxgwjdewed@tpsoaawzif'),
('897017638', '5709243247', '1952-08-22', '251', 'rrxbqixunl', 'ldxcw@'),
('545635311', '2640651686', '1900-04-18', '252', 'ddcfiikg', 'jukruxe@pdasba'),
('489974318', '8054314724', '1919-11-02', '253', 'amcbalo', 
'cfssoishj@lqljdjpdetzwp'),
('111131999', '3035462680', '1959-08-08', '254', 'qphbdusv', 
'lldjcjvhh@zvvknftwdmjcqyp'),
('385483621', '9529217208', '1976-02-19', '255', 'lltfosp', 
'ezqkdhispcles@ioaq'),
('940445270', '9965779590', '1938-08-16', '256', 'j', 'vkrrhekm@debneixntovmo'),
('779457122', '2453668537', '1902-09-28', '257', 'nkvvdxkcqy', 
'fifpujneswriwiokz@emkvyvazjjc'),
('167162172', '4467766251', '1994-03-24', '258', 'yj', 
'jlkxdanljmo@qpswtvghahhg'),
('781194701', '9932962744', '1902-11-27', '259', 'kfsnirvx', 
'toffzffdzk@gdtculyhcfri'),
('857241931', '2988540490', '1966-07-26', '260', 'ehqqtkteme', 
'ikjmuryzcrga@vo'),
('494693762', '6042964763', '1939-07-09', '261', 'tw', 'gcjpkkdfjgbxghxi@mes'),
('570744847', '3616067217', '1931-12-06', '262', 'c', 'zjbuhiemdcgtl@huzimt'),
('897177382', '9319442656', '1974-03-14', '263', 'p', 
'zvcxvxzremrulk@wgtzhltrxs'),
('732161222', '8582679072', '1977-08-04', '264', 'rmyvgw', 'klgfhz@xijbffcp'),
('501208501', '3309255791', '1908-12-18', '265', 'zo', 
'qkqqzgjbanldrhe@uuqsgjmvz'),
('757922527', '2773187658', '1963-06-02', '266', 'dorqn', 
'ynuhithvzyv@xpnoapxepyhylmem'),
('270751423', '1701532734', '1923-11-15', '267', 'gfbvthrd', 's@qwyynmo'),
('543231363', '7348882097', '1931-09-26', '268', 'htlq', 'rkyecitpme@dtit'),
('960043587', '1466825692', '1944-06-03', '269', 'v', 'evahsxxsbe@yotjiur'),
('820464562', '9525354851', '1999-09-16', '270', 'lez', 
'cqqzeaprvmntyji@csnuomswp'),
('334202226', '5401680307', '1900-10-25', '271', 'eislsvcmgi', 
'ovnjxfst@cuxlehlg'),
('364972004', '4661956116', '1925-04-05', '272', 'cpbmslcy', 
'vwm@jgywkiopgccbu'),
('319702940', '8570494927', '1979-10-17', '273', 'b', 'ysyog@wlhwvlfzqjqdqxk'),
('565780058', '2248961655', '1995-02-14', '274', 'myee', 
'ngbhmmlu@fdsrcrhokuctu'),
('827567941', '3349610867', '1946-01-26', '275', 'hicsvhlq', 
'wsgolw@ohvsdrtrec'),
('859119202', '2071496720', '1951-08-24', '276', 'rrkjaat', 
'zmmfbcde@pmkxbdgrh'),
('929425164', '6279314859', '1968-09-02', '277', 'inodxqoc', 
'bpbzycdnwxt@nafrdzerdj'),
('113831753', '8307135159', '1909-01-13', '278', 'cikrqakx', 
'pbdawmyrhadt@klgrodsn'),
('229755380', '4992768950', '1982-11-19', '279', 'pdwka', 
'bxmfidyjyjzk@imixzdhpazdnm'),
('190368777', '8564589618', '1934-10-29', '280', 'wtpdgk', 
'mgjingsl@djjgwwtlpidqfxy'),
('747466302', '4750000335', '1924-07-09', '281', 'zriqdjre', 
'pcktraypyxrxxve@poqcmsqlrbw'),
('341167486', '6173122523', '1922-02-03', '282', 'nxeqjbkdw', 'mcyzaybxt@fk'),
('514766733', '2909576483', '1971-02-22', '283', 'obuqetv', 
'wnftkcmrb@fijofenb'),
('825120239', '8908500632', '1932-10-30', '284', 'yoonztynmm', 
'pkuswwbzdeo@jbbljafmjwnk'),
('961726793', '8755142365', '1926-04-30', '285', 'ygciio', 
'dxbdvyzmbpwxdau@hcmlhkcrgeeve'),
('894545888', '8755690009', '1950-02-21', '286', 'ak', 'lyxfqgvjs@wovfpl'),
('743409348', '2266648580', '1958-12-30', '287', 'kimg', 
'scwezzmgzjkuutlz@xymfgwhn'),
('774359968', '4639149291', '1986-03-11', '288', 'q', 'pui@jccohvdqhfeaj'),
('986408481', '1951359517', '1964-03-22', '289', 'xcm', 
'cfbaanqeimwjyhqgbh@cvkwzkmjlodglt'),
('563576732', '9074793949', '1972-07-17', '290', 'or', 
'jcteneyzratfo@ucexppvdlqyuwt'),
('284052606', '1006992657', '1904-06-22', '291', 'npvlkxqulj', 
'htkjtjcirb@triwud'),
('740938122', '9630031641', '1974-01-02', '292', 'lczwugtil', 
'uerhsnwydx@hmncjubo'),
('902509392', '7758193453', '1938-05-05', '293', 'tccqhvizzk', 
'uuefjgvahus@ajlmqogkgn'),
('857646069', '6690709779', '1907-05-10', '294', 'bmqurpmwti', 
'sqyonthg@zugefumevejoq'),
('237558973', '5286093353', '1962-01-22', '295', 'otzsz', 'ypfdutvb@jmauzt'),
('454983310', '3849781462', '1904-12-28', '296', 'dywydipqi', 'njqyfzl@wyi'),
('537353682', '8080446314', '1931-05-20', '297', 'wgelzyhfr', 
'plwpzwjzi@sgysecmszug'),
('880033273', '4931238647', '1950-01-31', '298', 'orldvgl', 
'rnsfafnqcalzvde@qphnhlyisr'),
('282170712', '9758083005', '1910-03-03', '299', 'nvujkgfyde', 
'ppkqbugw@zlgtvmwykieh'),
('137180292', '8855633021', '1975-04-13', '300', 'lnodrthc', 
'dcreqqvntj@ibbwfry'),
('169608512', '2278147547', '1986-07-30', '301', 'amdicrxf', 'adysetjca@'),
('707243941', '7553840777', '1915-04-29', '302', 'zdsxvul', 
'nnindpefdxdhndy@nqbioufqqmpahra'),
('191135243', '1553631311', '1975-01-17', '303', 'jalvasq', 'z@btwpwljxduqtkr'),
('731651422', '5878996427', '1997-12-26', '304', 'ofwhish', 'llfwss@htiokzwfo'),
('966395551', '3040431054', '1985-04-07', '305', 'b', 'pzesyrtuus@bfai'),
('940070505', '8691649200', '1934-03-29', '306', 'l', 'aizwxeayane@po'),
('261441324', '7142596292', '1971-03-18', '307', 'ftuicudg', 
'ddihgxbflbiku@qkw'),
('235846667', '7885267352', '1941-11-07', '308', 'vscdfil', 'sdqw@mnqouxvmnsc'),
('782767167', '2862431667', '1938-07-20', '309', 'prf', 'ikctnaei@qfawlsklne'),
('529690475', '5924940128', '1913-01-12', '310', 'm', 'zfutatirzcc@teduf'),
('287073635', '2837324869', '1939-08-24', '311', 'aayb', 
'iysjng@eglkuyeojcmwuqlyz'),
('798670793', '7057295189', '1948-05-18', '312', 'cjecfzgabx', 'nqsm@sevsjhd'),
('554364277', '8478794332', '0000-00-00', '313', 'ue', 
'incyywmlybs@rldkhhowlpvfljn'),
('912576594', '5477799864', '1991-08-22', '314', 'yewgyfmfr', 
'xlhzurjbijojdxh@thnulyrdzpnzgyo'),
('580152687', '5018416099', '1900-06-01', '315', 'qjcvbnwk', 
'jcqswyisow@zhyxp'),
('178569070', '4191263267', '1945-06-09', '316', 'omt', 
'liwfodpfnrwvgk@ixljdoilwkkzahcdm'),
('347178714', '8600595560', '1908-04-24', '317', 'bvg', 'buixjmaowdem@queqsr'),
('102989851', '2876966965', '1949-10-23', '318', 'ojkhfqznpa', 
'isfatyqgqqwav@dltuo'),
('176466171', '2104801729', '1989-05-22', '319', 'lovsuyvktp', 
'rlfpne@smezsflxizsgnc'),
('427706140', '4216624632', '1983-09-04', '320', 'zbx', 'dsbzyfphczil@yijvgec'),
('841254099', '5296790011', '1912-04-28', '321', 'ncw', 
'utdohp@urfernoanwfhax'),
('217691457', '1917986725', '2000-01-11', '322', 'bvebesa', 'oi@im'),
('472220940', '5156779070', '0000-00-00', '323', 'cf', 
'qukeagpwosujoblasj@akdcababckh'),
('565322535', '2687942544', '1915-08-23', '324', 'mmzgdkpzz', 
'sotynojmtkncicx@sujwngiakq'),
('566312270', '9300260155', '1915-06-16', '325', 'wpyik', 
'xobomcjrasdwx@stytjyiho'),
('165643059', '1676986332', '0000-00-00', '326', 'lg', 'bvvvryfhta@djte'),
('442167981', '8989423574', '1942-03-08', '327', 'chwl', 'nukjhn@qmso'),
('448808294', '3342804369', '1922-04-24', '328', 'jh', 'rdgj@vekziuhbwn'),
('229327936', '8263208039', '1973-09-25', '329', 'stexqq', 
'xeywoyhc@kpyugbgeo'),
('726022796', '5193342265', '1947-02-07', '330', 'ehfsbwef', 'hgydywy@uucobb'),
('788872842', '6894960209', '1913-01-17', '331', 'iqdr', 'h@ufwflenoidysood'),
('684810090', '4680132866', '1949-06-17', '332', 'qhlpmhrt', 'xpyfpsi@tzgridz'),
('356532484', '7796461113', '2006-11-02', '333', 'mim', 'ibzdhzec@mwdhjbsjpy'),
('479151346', '5620974664', '1930-09-22', '334', 'rcund', 'pf@koee'),
('955107539', '8701757391', '1932-08-15', '335', 'rokceveikg', 'txnuv@kkxlxg'),
('201732746', '9392704639', '1941-05-29', '336', 'vedgyvdys', 
'mhftdclgm@zhzndjjllgr'),
('561695200', '5046597271', '1914-09-16', '337', 'rntma', 'sgbxmc@jfrfvezlfro'),
('664940447', '4356236160', '1990-12-04', '338', 'nobomngx', 
'egnndviwxxg@qlackyyxpkp'),
('684883337', '9138644798', '2005-09-13', '339', 'akwpfanfbi', 'fy@e'),
('646042994', '3238281117', '1986-02-06', '340', 'kvnwnxi', 
'airiqlsrssgwr@qhgpctmln'),
('267175066', '6205111860', '1935-08-17', '341', 'seivtn', 'aduoa@ismr'),
('699489567', '2993785745', '1973-05-06', '342', 'ccflba', 'cx@jgcnfeqincc'),
('884409018', '6399059469', '2000-04-23', '343', 'w', 'hyfudnylurr@bjisve'),
('419958103', '9401253738', '1920-10-19', '344', 'bsvgy', 'asomll@kwhkxkyz'),
('882844721', '3100221118', '2000-07-08', '345', 'wh', 
'jqpbgygiavir@ozbacwwsyeozcjnw'),
('708987838', '3681076851', '2005-09-25', '346', 'qsryibxep', 
'iixr@selulfqckaaw'),
('839102271', '9391957374', '1999-12-22', '347', 'ydata', 
'oqodlauke@jwhhmnfszragdt'),
('712251162', '3230126094', '1968-01-23', '348', 'pzpxcqml', 
'vsamwiv@haxzyxxu'),
('336172735', '2996593327', '1940-07-26', '349', 'wkradcxx', 
'smklrtroenzfwns@'),
('921607700', '3948513776', '2002-09-21', '350', 'h', 'cxaqcmfnbe@nlgbrwr'),
('634106079', '2470428261', '1973-12-24', '351', 'vtm', 
'uhnzicp@lxlnjigzrsawdmze'),
('668145451', '7721931550', '1987-06-03', '352', 's', 'cjucw@zeorwgbqsfea'),
('111108759', '1136089846', '1922-02-21', '353', 'gwjh', 'hfqql@yiitkigqxmllx'),
('939765711', '2128290011', '1950-10-05', '354', 'bsl', 
'yzlhzdmcicjaj@pvtnwvvgk'),
('711876092', '4267076561', '1905-06-08', '355', 'thfylt', 
'qfcwdaeaodecmwsh@rjheac'),
('767086316', '5656373427', '1943-01-24', '356', 'cqswwf', 'bycjczvxowrf@pawh'),
('824065688', '3843180072', '1958-11-30', '357', 'jyjed', 
'rqiykzmxeccrr@becda'),
('233317787', '2169527633', '1989-10-12', '358', 'kfxdjmcay', 
'rysysfbzidoghshy@hhqq'),
('106697069', '3005521492', '1907-03-26', '359', 'ffgbqadie', 
'ghyahgg@fdjkkzuxrsjyzl'),
('549706706', '7017560937', '1950-04-13', '360', 'swtgokh', 
'mulwilsmr@hvsskcxpzt'),
('292873113', '1119794019', '2005-07-14', '361', 'ryqvdht', 
'llkgkckus@wieflzufecepoz'),
('390182828', '9337793264', '1925-10-22', '362', 'ntcggbgtg', 
'urlgdd@wuddrmag'),
('537147228', '4481431987', '1971-12-05', '363', 'm', 'xbqpfmcy@djcosjpzihyg'),
('981888344', '2417334781', '1939-08-27', '364', 'feyhh', 
'ogxyiurzgf@arfrwkvjjlaoeiqdu'),
('961826950', '6850727660', '1902-09-04', '365', 'wil', 
'qomyyrxwwfxvbk@nybohkiesnto'),
('519912995', '4318109015', '1929-09-06', '366', 'eicgyf', 
'zbmvlwqccmu@dinmvloj'),
('454344883', '6243804867', '1917-03-24', '367', 'ek', 
'akjksneqexngr@ctqiznquba'),
('631424964', '2972523850', '1997-07-01', '368', 'nlr', 
'owlsslolwbvemrh@ykjcqoaspknnrjv'),
('224049217', '1196250646', '1920-11-02', '369', 'ygzxyw', 
'cqzajtgvyrogdpv@atqixsi'),
('788894351', '1718163887', '1953-12-26', '370', 'balzyxv', 
'idzkwvvwwxyi@mtwmmhjqujj'),
('537558324', '1807945795', '1978-11-27', '371', 'hupgq', 'zhvo@tdjyfsne'),
('990519687', '2052874895', '1944-07-08', '372', 'zxewdd', 
'ioclgipam@edsifvdjvjh'),
('378336981', '8629249186', '1977-12-23', '373', 'fnpsi', 'dfeqexb@fwvc'),
('121271343', '5505991741', '1931-10-23', '374', 'qymj', 'etpxbuy@kobqo'),
('385742903', '1904662241', '1958-06-07', '375', 'znurv', 
'ugdtbxfexvdg@yqxugdaafy'),
('297083777', '4525566147', '2005-01-22', '376', 'ycwjharqww', 
'ephqbqmak@uwqnfsvdxkgsc'),
('145056554', '2040195421', '1989-07-05', '377', 'qahphfjc', 'svylq@rsvwj'),
('671980880', '8930256911', '1959-08-09', '378', 'ooppbvqwr', 'sasapujj@k'),
('406117773', '4403997182', '1999-06-14', '379', 'h', 'evgig@eeslxube'),
('194370716', '3933081954', '1993-03-12', '380', 'gnlur', 'nfttf@nznrppcit'),
('478317160', '1982825829', '2006-07-29', '381', 'junoyvjqh', 'jlpy@hyveapxba'),
('347767736', '3995013553', '1911-04-22', '382', 'bseyibbl', 'qldgfs@puygkck'),
('908904980', '8501944628', '1905-10-09', '383', 'aqegpazsfa', 
'vffnkhaiiqoj@pwonjnwtj'),
('694261953', '3928422460', '1959-07-13', '384', 'iqqj', 'mvgmbmnot@hblbbhpy'),
('976951948', '8883157254', '1964-12-02', '385', 'tidfpads', 
'fm@jsbfizekajgfbhuva'),
('524231783', '3351277669', '1930-12-22', '386', 'k', 'nxzvke@pjhbrrvagmn'),
('327941502', '9352037052', '1939-08-26', '387', 'gpavd', '@xxtdpoyj'),
('794909717', '9758419603', '1998-11-03', '388', 'nrxvf', 'elwmca@gnxiwxyfq'),
('555919786', '8194352176', '1963-09-20', '389', 'wwoaxcapcq', 
'futlztiw@lljjoclpu'),
('867441044', '4058916308', '1994-09-16', '390', 'jggp', 'xibpxsycc@boak'),
('917026588', '6537689322', '2008-08-29', '391', 'ailv', 'yhjsag@tyqgrvtnky'),
('452346291', '1679813730', '1957-10-02', '392', 'ctdefztpg', 
'afggavcsgtbjwk@wmvfkqmk'),
('836049455', '1157755854', '1990-06-10', '393', 'hvuwkujy', 
'zbqhgerx@hnddiqmx'),
('300920140', '3383321883', '1978-04-09', '394', 'dxyi', 'rubdpk@ujepnduash'),
('738558218', '4692659541', '1907-06-15', '395', 'jnqcjwx', 
'bvtazwzarxjsac@lrdssooejeofbx'),
('796995673', '5419376633', '1993-12-15', '396', 'cdwowqik', 
'pidgoildbzotyii@kemwabo'),
('647913127', '5591034516', '1961-06-13', '397', 'kduudndnq', 
'gntqox@vnognyffnkwtidtyfu'),
('747062617', '5685595019', '1960-05-04', '398', 'hoxrae', 
'bweazpqp@fdyncvfcb'),
('572545895', '8673635080', '1941-09-09', '399', 'djeqs', 
'lfyykprkpmlshv@sxtxogvq'),
('530372145', '8836908831', '1952-01-27', '400', 'anrvftudwk', 'ae@ohjre'),
('563239565', '9491690601', '2005-12-20', '401', 'spn', 'fa@ydinvjbowyl'),
('912166650', '8709579067', '1994-11-18', '402', 'hqpyh', 
'mkreirjyjkufvhb@alwddqtokwozfeb'),
('458768247', '1634139283', '1951-01-19', '403', 'axuycsxt', 'zgtaxfmfhdc@j'),
('544236888', '4829384128', '1959-09-08', '404', 'botgyhtusn', 'nfgstlwrp@w'),
('836087025', '1685490335', '1951-01-11', '405', 'lwaoozsytd', 
'kooxueyp@shxjkubxlod'),
('381714391', '7490315827', '1963-11-15', '406', 'tn', 'ngwlftdf@aqubskr'),
('362485630', '4428009716', '1906-03-19', '407', 'qrxxgixx', 
'gceggp@ranmijjab'),
('824748445', '1796497519', '1981-09-26', '408', 'uurow', 
'ozszrrjh@qcxjuiknqm'),
('359269297', '3118416065', '1982-08-28', '409', 'wtw', 
'xjutrnma@nbhvaixnjkwsicfygs'),
('115997038', '2981824191', '1988-04-21', '410', 'yhywmlam', 
'jibyakvhwzk@bptwk'),
('286146648', '6140530578', '1922-06-11', '411', 'tiur', 'c@scejeksnzcbpia'),
('424221703', '4735925022', '1905-05-30', '412', 'vlkw', 'tlbsnb@vvccpfcep'),
('632971414', '2187675848', '1961-04-12', '413', 'nocu', 'qtbsei@z'),
('623346425', '1239681382', '2000-08-09', '414', 'yhals', 'hp@lcsvfscmu'),
('506703611', '6445951132', '2005-01-29', '415', 'gfocn', 'mt@thfynwgsgpim'),
('251664678', '4460048322', '1977-07-19', '416', 'kmioanehur', 'phmb@zreck'),
('342208602', '3639087075', '1911-05-12', '417', 'les', 
'pzsooss@fekqkhyddbiwfy'),
('174317155', '7048207436', '2000-06-01', '418', 'nc', 'wz@eobpifcecdrj'),
('336926208', '3015033327', '1901-06-09', '419', 'kvtan', 
'yillrmwcmx@zgaihedvfgsimwsb'),
('126955534', '1055842028', '0000-00-00', '420', 'fxugvatlss', 
'vmekhdaamwrpjnib@iwfc'),
('955436837', '3796970511', '1956-11-24', '421', 'huixxt', 
'wlchpjhbgmblfctvn@manjqktib'),
('758677493', '8137194990', '1986-05-25', '422', 'pldlo', 'gzbrbc@eulucefvcf'),
('976817500', '2203220748', '1932-03-27', '423', 'dk', 'iwqlrqpj@ubfuen'),
('217820305', '2056150388', '1966-04-07', '424', 'brunhrxom', 
'gwvzpwmjvj@ugmjhl'),
('373108719', '3558034560', '1976-05-23', '425', 'reb', 'uytr@ponduaxqotpihpu'),
('129856311', '3691973548', '1968-01-24', '426', 'nkeyylftx', 
'oqhdsres@neuaboy'),
('602254301', '5555666599', '1928-12-26', '427', 'ybn', 
'vybnohnud@uazqqefivzk'),
('309066325', '2880934321', '1982-10-11', '428', 'kgecx', 'cnofq@sujkjqvgu'),
('296063872', '7374399675', '2002-08-15', '429', 'qkgcmgits', 'otjp@d'),
('174936428', '4701521273', '1908-05-30', '430', 'mgehtevv', 
'gtwkpttfjpf@qmiepefujxyk'),
('717214816', '8756158701', '2001-12-28', '431', 'ussvzg', 
'obwbqbzxodlr@xqhpenlwngfg'),
('367121622', '5679355997', '1906-04-25', '432', 'fcimlo', 
'kwfucxcwy@hqrvlikmh'),
('380978892', '3283475928', '1972-08-13', '433', 'mnrqahqbh', 'byhkojv@asj'),
('169252896', '1204107649', '1946-11-19', '434', 'oujtxmgso', 
'kbqlaqdjvy@siptt'),
('835634401', '3806050538', '2004-06-09', '435', 'tu', 
'qbjiecrvnmrj@obpcaducvcga'),
('968941218', '4075618340', '1940-08-30', '436', 'yqdifuktut', 
'sexrshfwkqn@idhhmmqw'),
('761517942', '4797710862', '1906-05-14', '437', 'szgcjkv', 
'lpvvammufzixw@vsltgshzkself'),
('565863439', '3234171478', '2004-03-26', '438', 'ftwzefk', 
'lozaojomlx@oxtubfjklro'),
('888652966', '2501729195', '1966-11-28', '439', 'rj', 
'idyyvkjqfljxuq@jlkbvadov'),
('552788266', '7507837318', '2006-09-11', '440', 'vpgairv', 'bhh@aobmonenpj'),
('462416038', '7408183355', '1938-08-08', '441', 'qakrbcw', 
'xgxnw@wzgxodfbgvre'),
('293850941', '7922092446', '1971-10-08', '442', 'csnkkijbw', 
'bsnesskmecrpnc@p'),
('256513158', '8375871018', '2002-12-16', '443', 'avudyfva', 
'eakaetlyodaggj@zwibz'),
('321836696', '8018267355', '1940-11-18', '444', 'egrgvuzfq', 
'hybkjwdqnltk@twlczdujtoqu'),
('758125185', '7678886128', '1950-03-13', '445', 'fq', 'fpsrzo@gwzsejik'),
('252855232', '9477703488', '1916-10-06', '446', 'xrogdyyr', 'ustbwisk@ppzcx'),
('507315373', '3586255806', '1971-09-12', '447', 'gtm', 
'zyzzscupohmuvwjri@eshrzpdtpdaarbwnf'),
('263007033', '3264340496', '1987-03-25', '448', 'atndmv', 'yfdvgwq@pjcrfxo'),
('215708094', '9491771852', '1987-07-29', '449', 'ccbfckld', 
'vt@icwofdxszlrkytofho'),
('485515319', '5439235644', '1982-02-08', '450', 'e', 
'eueecyilcbs@qlizqxqmdxncqv'),
('821140347', '1458658225', '1944-07-13', '451', 'uoudawzktb', 
'sljdyjphrlywpsy@lycpg'),
('306543833', '2570576414', '1941-05-15', '452', 'fmsjeqcyp', 'zsllgm@abizfy'),
('483143391', '6365444626', '1966-07-17', '453', 'hfb', 
'tqoybuqtt@kwssgnezmafzxm'),
('548214992', '1996279491', '1942-08-02', '454', 'legldod', 
'lvoyoyszdbddhzjjx@zoytzbjq'),
('350354940', '5345216184', '1982-07-24', '455', 's', 'uyty@ifeghjtxydtr'),
('192851271', '5509927430', '1998-12-19', '456', 'uyevgzzcs', 
'qsfhhdcrtpdhh@pkkgzlebwxz'),
('964013724', '8620741514', '1975-02-17', '457', 'hqhinwttp', 
'gpmaverad@szpwozr'),
('163918932', '3482949407', '1947-02-18', '458', 'hzeenxpq', 
'wzybbohwu@biuthdhxwi'),
('672115808', '7292388338', '1934-04-04', '459', 'lzymnybpyj', 
'ylefto@lyydhfxu'),
('843947988', '6908711438', '1983-12-29', '460', 'ehh', 'rxgqfiv@ljks'),
('848179684', '6222569733', '1900-06-05', '461', 'fiigkboly', 
'fwupodrq@qajjwhp'),
('301584787', '5847153042', '1952-11-11', '462', 'r', 'ddhmwux@hglwuepgvhgab'),
('686767373', '1454341597', '1966-11-18', '463', 'dgslgrsc', 
'lzvwilgckqbdma@yardbxfxudesph'),
('496122763', '1179217194', '1951-06-16', '464', 'daeney', 
'zjwzglybpbnyy@dsquhhw'),
('839866481', '2618443161', '1920-07-21', '465', 'nrjf', 
'oytcyrgoeen@hdktloqpkr'),
('489032522', '1063881804', '1915-05-09', '466', 'ngguhz', 'wkb@zbvdu'),
('836447180', '9908900414', '1965-05-01', '467', 'mhrvyb', 
'qdkwtnvo@nisflqayo'),
('317640463', '8294716910', '1918-06-08', '468', 'uhybozxjpe', 
'kehyknxma@cqqw'),
('500449663', '1229216617', '1980-12-09', '469', 'oza', 
'fjnbarkxivszhs@qvnvuovvwbln'),
('878293673', '6891456680', '1999-02-03', '470', 'l', 'zzydyujzf@tprkb'),
('827019051', '3879115504', '2005-04-08', '471', 'g', 
'cqxsffudiji@gsyjdzpncltng'),
('524071002', '9134418487', '1909-10-31', '472', 'jdq', 
'tlphfsmzdfbadutvze@noxwtgfgumuzhouv'),
('945271987', '5666712657', '1994-01-06', '473', 'ldbgn', 
'yhcsdmvyukhtzaafg@srrtlj'),
('292627785', '5132795804', '1961-07-20', '474', 'tyvcxyzthp', 
'fgvrhvhoimla@usdsoxgxncvobuk'),
('893263038', '7342223178', '1993-06-04', '475', 'snfmzr', 'zrfjmlb@eftmhmsja'),
('466492353', '1244025702', '1914-10-02', '476', 'pqclexu', 'behaocnjfq@jypa'),
('196247287', '7138500629', '1962-06-06', '477', 'ykwof', 'jccyoqggvx@voj'),
('446789839', '8629524542', '1919-07-09', '478', 'bklqlqdt', 
'lrfqlckggtnco@cmwgodyexy'),
('346436597', '4441247864', '1922-05-18', '479', 'a', 'rthbk@czrrntfv'),
('405491132', '9895195794', '1940-05-26', '480', 'bvsmnjwqyo', 
'qhijqvyc@xmicedrayd'),
('395111824', '3059947531', '1998-03-21', '481', 'wscac', 
'tigdckobywj@pxnnzumwigommdrprn'),
('380766486', '6744971100', '1916-02-24', '482', 'bkecqz', 
'xfmfqosvww@hvkbnzi'),
('850459856', '4623217228', '1956-03-07', '483', 'x', 
'plarlmfennt@vibnfbbiugtruvqnf'),
('783583530', '2548935869', '1939-09-18', '484', 'a', 'zfnbsvb@yzhkncvobemjv'),
('135267953', '2450687637', '1915-11-10', '485', 'jygjvgfnyp', 'geqf@tjartt'),
('506919571', '2385132597', '1933-08-11', '486', 'ayiyrty', 
'uainsfoyuveo@fqncsqecpbp'),
('817202013', '9085521679', '1920-10-11', '487', 'ch', 'fskldiwsin@dhjsju'),
('154679530', '9910067119', '1964-05-13', '488', 'arqmfdowc', 'embzykjoj@'),
('420362524', '3199543357', '1923-11-06', '489', 'mevk', 'esbyqfzmmya@i'),
('853502739', '1376670529', '1905-12-11', '490', 'ketygvr', 'seumnsk@gvit'),
('112575579', '5323086956', '1969-04-09', '491', 'iwi', 'knwjnwjuyuf@'),
('327778238', '7034290096', '1909-03-03', '492', 'ftk', 'tni@tuzkry'),
('643394390', '7804972729', '1962-03-15', '493', 'kqkkxdoq', 
'xsuvhuesyl@hdollki'),
('532440129', '9776309087', '2007-06-04', '494', 'pk', 'ejoxokvicdmj@dhqkx'),
('795222175', '9763255831', '1909-05-20', '495', 'syq', 
'ahvqv@lxwccinnjhrvrki'),
('577532621', '3487644725', '1983-02-14', '496', 'uukznhefel', 
'pvnrrpzqlkscok@vlfgeqgcr'),
('259105499', '9204955565', '1979-09-28', '497', 'dnnis', 
'bqgwllnye@wgulepwefpzul'),
('243871081', '3107105026', '2004-04-27', '498', 'eouixu', 
'jcfoagdcva@yyfnubdzb'),
('141487092', '7436112602', '1912-06-05', '499', 'krhs', 
'pzfzhxgbiuaeqq@ymngintsot');

CREATE TABLE `Provincia` (
   `Provincia` varchar(20),
   `ID_Provincia` int(3) not null,
   PRIMARY KEY (`ID_Provincia`)
) ENGINE=InnoDB DEFAULT CHARSET=utf8;

INSERT INTO `Provincia` (`Provincia`, `ID_Provincia`) VALUES 
('Buenos_Aires', '1'),
('Catamarca', '2'),
('Chaco', '3'),
('Chubut', '4'),
('Crdoba', '5'),
('Corrientes', '6'),
('Entre Rios', '7'),
('Formosa', '8'),
('Jujuy', '9'),
('La Pampa', '10'),
('La Rioja', '11'),
('Mendoza', '12'),
('Misiones', '13'),
('Neuqun', '14'),
('Ro Negro', '15'),
('Salta', '16'),
('San Juan', '17'),
('San Luis', '18'),
('Santa Cruz', '19'),
('Santa Fe', '20'),
('Santiago del Estero', '21'),
('Tierra del Fuego', '22'),
('Tucumn', '23');