--
-- MySQL 5.5.38
-- Sat, 18 Oct 2014 02:57:43 +0000
--

CREATE TABLE `Actividad` (
   `ID_Actividad` int(3) not null,
   `Nombre_Actividad` varchar(20),
   PRIMARY KEY (`ID_Actividad`)
) ENGINE=InnoDB DEFAULT CHARSET=utf8;

INSERT INTO `Actividad` (`ID_Actividad`, `Nombre_Actividad`) VALUES 
('0', 'English as a second '),
('1', 'Food technologist'),
('2', 'Occupational hygieni'),
('3', 'Engineer  chemical'),
('4', 'Sales executive'),
('5', 'Patent attorney'),
('6', 'Adult guidance worke'),
('7', 'Merchandiser  retail'),
('8', 'Counsellor'),
('9', 'Mechanical engineer'),
('10', 'Quantity surveyor'),
('11', 'Engineer  broadcasti'),
('12', 'Dentist'),
('13', 'Financial adviser'),
('14', 'Ship broker'),
('15', 'IT sales professiona'),
('16', 'Designer  multimedia'),
('17', 'Engineer  biomedical'),
('18', 'Insurance underwrite'),
('19', 'Air cabin crew'),
('20', 'Writer'),
('21', 'Youth worker'),
('22', 'Futures trader'),
('23', 'Psychologist  occupa'),
('24', 'Oncologist'),
('25', 'Dramatherapist'),
('26', 'Archaeologist'),
('27', 'Horticultural consul'),
('28', 'Midwife'),
('29', 'Conference centre ma'),
('30', 'Scientist  water qua'),
('31', 'Engineer  biomedical'),
('32', 'Public house manager'),
('33', 'Surveyor  minerals'),
('34', 'Conservator  furnitu'),
('35', 'Designer  interior s'),
('36', 'Field seismologist'),
('37', 'Archaeologist'),
('38', 'Nurse  adult'),
('39', 'Armed forces trainin'),
('40', 'Psychologist  forens'),
('41', 'Pharmacologist'),
('42', 'Agricultural enginee'),
('43', 'Technical sales engi'),
('44', 'Musician'),
('45', 'Furniture conservato'),
('46', 'Catering manager'),
('47', 'Community pharmacist'),
('48', 'Orthoptist'),
('49', 'Tourism officer'),
('50', 'Newspaper journalist'),
('51', 'Maintenance engineer'),
('52', 'Psychotherapist'),
('53', 'Interpreter'),
('54', 'Magazine journalist'),
('55', 'Medical secretary'),
('56', 'Psychiatric nurse'),
('57', 'Chartered legal exec'),
('58', 'Investment banker  o'),
('59', 'Trade mark attorney'),
('60', 'Exercise physiologis'),
('61', 'Operations geologist'),
('62', 'Musician'),
('63', 'Chiropractor'),
('64', 'Environmental health'),
('65', 'Programme researcher'),
('66', 'Seismic interpreter'),
('67', 'Personnel officer'),
('68', 'Landscape architect'),
('69', 'Pharmacist  hospital'),
('70', 'Patent attorney'),
('71', 'Geneticist  molecula'),
('72', 'Operations geologist'),
('73', 'Therapist  art'),
('74', 'Surveyor  insurance'),
('75', 'Tour manager'),
('76', 'Management consultan'),
('77', 'Occupational hygieni'),
('78', 'Development worker  '),
('79', 'Therapist  art'),
('80', 'Office manager'),
('81', 'Volunteer coordinato'),
('82', 'Designer  interior s'),
('83', 'Hospital pharmacist'),
('84', 'Engineer  biomedical'),
('85', 'Ceramics designer'),
('86', 'Magazine features ed'),
('87', 'Cartographer'),
('88', 'Higher education lec'),
('89', 'Engineer  building s'),
('90', 'Teacher  adult educa'),
('91', 'Barrister'),
('92', 'Land'),
('93', 'Designer  textile'),
('94', 'Advertising account '),
('95', 'Sport and exercise p'),
('96', 'Teacher  secondary s'),
('97', 'Engineer  control an'),
('98', 'Civil Service fast s'),
('99', 'Civil Service fast s'),
('100', 'Education administra'),
('101', 'Writer'),
('102', 'Web designer'),
('103', 'Research officer  tr'),
('104', 'Food technologist'),
('105', 'Physicist  medical'),
('106', 'Clothing textile tec'),
('107', 'Therapist  music'),
('108', 'Architect'),
('109', 'Engineering geologis'),
('110', 'Community developmen'),
('111', 'Radiographer  therap'),
('112', 'Building surveyor'),
('113', 'Customer service man'),
('114', 'Commercial art galle'),
('115', 'Biomedical engineer'),
('116', 'Teacher  special edu'),
('117', 'Financial planner'),
('118', 'Engineer  automotive'),
('119', 'Copywriter  advertis'),
('120', 'Financial manager'),
('121', 'Industrial product d'),
('122', 'Medical technical of'),
('123', 'None'),
('124', 'Market researcher'),
('125', 'Journalist  newspape'),
('126', 'International aid de'),
('127', 'Psychotherapist  dan'),
('128', 'Gaffer'),
('129', 'Speech and language '),
('130', 'Sales promotion acco'),
('131', 'Scientist  marine'),
('132', 'Therapist  drama'),
('133', 'Human resources offi'),
('134', 'Production designer '),
('135', 'Information systems '),
('136', 'Cabin crew'),
('137', 'Glass blower designe'),
('138', 'Editorial assistant'),
('139', 'Building services en'),
('140', 'Pharmacist  hospital'),
('141', 'Midwife'),
('142', 'Engineer  production'),
('143', 'Paediatric nurse'),
('144', 'Programme researcher'),
('145', 'Archivist'),
('146', 'Analytical chemist'),
('147', 'Human resources offi'),
('148', 'Estate agent'),
('149', 'Media planner'),
('150', 'Investment analyst'),
('151', 'Herbalist'),
('152', 'Trading standards of'),
('153', 'Learning mentor'),
('154', 'Hydrologist'),
('155', 'Research officer  po'),
('156', 'Conservation officer'),
('157', 'Data processing mana'),
('158', 'Designer  interior s'),
('159', 'Barrister'),
('160', 'Clinical psychologis'),
('161', 'Surveyor  planning a'),
('162', 'Ergonomist'),
('163', 'Psychiatric nurse'),
('164', 'Medical technical of'),
('165', 'Ophthalmologist'),
('166', 'Sports therapist'),
('167', 'Administrator  chari'),
('168', 'Merchandiser  retail'),
('169', 'Statistician'),
('170', 'Water engineer'),
('171', 'Passenger transport '),
('172', 'Engineer  automotive'),
('173', 'Psychologist  counse'),
('174', 'Health service manag'),
('175', 'Radiation protection'),
('176', 'Advice worker'),
('177', 'Environmental health'),
('178', 'Therapeutic radiogra'),
('179', 'Estate agent'),
('180', 'Designer  textile'),
('181', 'Communications engin'),
('182', 'Advice worker'),
('183', 'Conservation officer'),
('184', 'Archaeologist'),
('185', 'Product process deve'),
('186', 'Medical physicist'),
('187', 'Education officer  m'),
('188', 'Corporate investment'),
('189', 'Marine scientist'),
('190', 'Optician  dispensing'),
('191', 'Water quality scient'),
('192', 'Ambulance person'),
('193', 'Risk analyst'),
('194', 'Psychologist  sport '),
('195', 'Regulatory affairs o'),
('196', 'Geographical informa'),
('197', 'Child psychotherapis'),
('198', 'Journalist  magazine'),
('199', 'Chiropodist');

CREATE TABLE `Campana` (
   `ID_Campana` int(3) not null auto_increment,
   `Fecha_Inicio` date,
   `Fecha_Fin` date,
   `ID_Actividad` int(3),
   `ID_Maquina` int(3),
   PRIMARY KEY (`ID_Campana`)
) ENGINE=InnoDB DEFAULT CHARSET=utf8 AUTO_INCREMENT=304;

INSERT INTO `Campana` (`ID_Campana`, `Fecha_Inicio`, `Fecha_Fin`, `ID_Actividad`, `ID_Maquina`) VALUES 
('1', '1942-02-17', '1959-05-21', '108', '3'),
('2', '1927-04-21', '1933-09-26', '181', '3'),
('3', '1950-02-16', '1997-10-28', '44', '1'),
('4', '1995-12-30', '1973-04-21', '112', '5'),
('5', '1942-03-07', '1917-09-30', '70', '5'),
('6', '2000-10-30', '1935-06-14', '51', '0'),
('7', '1917-01-29', '1912-06-12', '113', '4'),
('8', '1975-04-30', '1947-02-14', '199', '0'),
('9', '1960-09-07', '1935-05-11', '158', '0'),
('10', '1925-05-27', '1944-02-19', '48', '0'),
('11', '1930-09-27', '1919-09-08', '162', '0'),
('12', '1960-09-01', '1966-05-13', '73', '5'),
('13', '1960-11-14', '1968-08-26', '93', '2'),
('14', '1950-06-24', '2005-11-04', '124', '4'),
('15', '1984-01-08', '1979-08-06', '5', '0'),
('16', '1975-03-27', '1976-04-04', '135', '4'),
('17', '1911-01-01', '1975-03-02', '119', '1'),
('18', '1913-10-15', '1955-06-15', '187', '3'),
('19', '1928-12-16', '1938-01-31', '197', '4'),
('20', '1939-06-27', '1947-11-21', '184', '1'),
('21', '1963-12-13', '1949-03-30', '92', '4'),
('22', '1907-11-17', '1937-07-14', '151', '3'),
('23', '1914-10-29', '1917-07-03', '103', '5'),
('24', '1999-12-30', '1956-05-10', '133', '2'),
('25', '1934-01-24', '1980-12-01', '79', '3'),
('26', '1911-11-27', '1994-11-20', '117', '4'),
('27', '1953-06-04', '1955-04-20', '186', '4'),
('28', '1998-10-03', '2004-01-26', '121', '2'),
('29', '1933-02-20', '1925-07-15', '93', '4'),
('30', '1910-07-21', '1971-02-08', '190', '0'),
('31', '1933-02-17', '0000-00-00', '37', '2'),
('32', '1994-02-06', '1943-12-31', '59', '1'),
('33', '1955-01-20', '1914-08-09', '98', '5'),
('34', '1977-10-08', '1962-11-21', '177', '1'),
('35', '2005-04-21', '2000-09-06', '100', '4'),
('36', '1988-07-04', '1907-08-01', '173', '3'),
('37', '1935-04-09', '1940-11-22', '14', '5'),
('38', '1994-11-21', '1915-03-24', '94', '4'),
('39', '1962-05-15', '1984-02-21', '88', '0'),
('40', '1900-01-16', '1986-07-29', '52', '0'),
('41', '1998-03-12', '1913-09-18', '1', '2'),
('42', '1922-10-08', '1923-04-30', '101', '2'),
('43', '1925-10-06', '1993-09-19', '17', '5'),
('44', '1909-09-13', '1912-08-24', '189', '5'),
('45', '1940-01-27', '1916-09-19', '168', '2'),
('46', '2003-05-11', '1962-11-08', '0', '3'),
('47', '1911-10-31', '1928-09-21', '26', '5'),
('48', '2000-11-17', '1961-08-17', '71', '5'),
('49', '1937-05-21', '1923-07-01', '14', '4'),
('50', '1940-07-13', '1956-09-23', '59', '4'),
('51', '1994-08-28', '1901-07-22', '101', '0'),
('52', '1910-01-01', '1941-12-29', '36', '1'),
('53', '1973-12-01', '1908-06-04', '154', '5'),
('54', '1987-06-22', '1954-07-13', '104', '0'),
('55', '1901-03-09', '1965-09-15', '74', '4'),
('56', '1973-01-25', '1929-12-16', '140', '4'),
('57', '1916-02-20', '1986-03-09', '1', '4'),
('58', '1937-07-07', '1979-06-25', '78', '4'),
('59', '1931-01-18', '1997-10-22', '22', '0'),
('60', '1979-09-24', '1978-08-19', '194', '1'),
('61', '1911-12-21', '1960-10-03', '197', '4'),
('62', '1976-12-13', '1997-09-26', '95', '3'),
('63', '1916-01-15', '1998-10-15', '113', '4'),
('64', '1960-12-06', '1957-07-31', '171', '2'),
('65', '1992-11-17', '1908-01-23', '126', '1'),
('66', '1983-05-28', '1987-11-06', '178', '4'),
('67', '1964-12-12', '1911-10-20', '73', '1'),
('68', '1998-09-21', '1977-10-14', '15', '1'),
('69', '1907-10-13', '1954-01-15', '17', '3'),
('70', '1975-07-19', '1943-01-27', '181', '3'),
('71', '1921-06-14', '1953-05-18', '65', '3'),
('72', '1994-11-03', '1980-02-17', '155', '5'),
('73', '1931-12-05', '1986-01-04', '6', '4'),
('74', '2006-01-20', '1900-05-26', '119', '5'),
('75', '1923-05-29', '1916-09-17', '130', '3'),
('76', '1994-01-21', '1925-06-15', '44', '3'),
('77', '1963-12-09', '1904-06-11', '63', '4'),
('78', '1965-07-23', '2001-12-22', '17', '3'),
('79', '1901-02-03', '1939-09-17', '19', '1'),
('80', '1965-10-17', '1958-09-25', '180', '1'),
('81', '1963-01-20', '1903-04-20', '13', '5'),
('82', '1945-10-02', '1952-02-01', '49', '5'),
('83', '1981-07-16', '1922-11-10', '28', '4'),
('84', '1938-12-04', '1950-08-06', '15', '1'),
('85', '1946-07-28', '2000-07-06', '83', '5'),
('86', '1970-12-03', '1924-10-26', '128', '5'),
('87', '1976-10-20', '1928-06-27', '125', '1'),
('88', '2002-04-17', '1910-01-24', '58', '0'),
('89', '1944-03-22', '1922-05-10', '138', '2'),
('90', '2003-10-13', '1999-01-31', '170', '0'),
('91', '1979-10-10', '0000-00-00', '195', '2'),
('92', '1964-09-05', '1944-10-16', '33', '5'),
('93', '1914-05-24', '1983-05-30', '153', '4'),
('94', '1978-07-28', '1922-09-09', '1', '1'),
('95', '1941-04-03', '1933-06-01', '108', '3'),
('96', '1948-07-16', '1963-01-11', '75', '3'),
('97', '1915-12-22', '2000-04-26', '186', '0'),
('98', '1910-01-10', '1934-01-29', '75', '1'),
('99', '1987-08-22', '1963-01-23', '134', '3'),
('100', '1918-03-13', '1934-03-30', '85', '2'),
('101', '1946-08-12', '1914-10-09', '18', '2'),
('102', '1998-02-06', '1986-02-05', '195', '3'),
('103', '2001-07-22', '1933-03-03', '12', '2'),
('104', '1976-11-04', '1969-06-30', '113', '3'),
('105', '1915-06-18', '1920-12-15', '11', '4'),
('106', '2008-02-12', '1952-03-26', '100', '2'),
('107', '1935-05-15', '1984-10-08', '181', '1'),
('108', '1948-07-29', '1966-06-25', '40', '1'),
('109', '1930-01-31', '1951-08-27', '94', '3'),
('110', '1940-11-28', '1986-07-29', '12', '3'),
('111', '1930-08-01', '1922-08-09', '139', '0'),
('112', '1924-09-10', '1995-10-10', '181', '2'),
('113', '2008-05-29', '1960-10-10', '2', '2'),
('114', '1930-11-12', '1955-05-19', '94', '1'),
('115', '1919-12-05', '1939-11-15', '30', '5'),
('116', '1998-12-04', '1965-05-11', '95', '4'),
('117', '1924-04-01', '1935-06-09', '153', '4'),
('118', '1992-12-23', '1968-01-16', '65', '1'),
('119', '1906-02-27', '1906-01-17', '9', '1'),
('120', '1977-03-12', '1950-03-05', '181', '0'),
('121', '1938-07-03', '1942-04-29', '124', '5'),
('122', '1981-11-22', '1976-12-24', '171', '3'),
('123', '1976-07-18', '1979-12-22', '18', '2'),
('124', '1982-06-04', '1990-01-24', '169', '2'),
('125', '1981-10-09', '1933-04-05', '105', '5'),
('126', '1998-10-20', '1956-05-01', '28', '1'),
('127', '1940-07-06', '1916-04-30', '182', '0'),
('128', '1913-06-26', '1927-11-04', '33', '5'),
('129', '1902-02-03', '1980-06-20', '23', '1'),
('130', '1920-11-13', '1926-03-15', '44', '0'),
('131', '1998-04-30', '2003-07-23', '17', '0'),
('132', '1969-04-04', '1964-08-15', '97', '1'),
('133', '2003-05-04', '1990-02-08', '29', '2'),
('134', '1936-02-03', '1993-09-09', '43', '1'),
('135', '1916-12-04', '1923-06-08', '128', '1'),
('136', '1952-12-05', '1939-01-19', '187', '5'),
('137', '1907-05-22', '1971-08-05', '148', '2'),
('138', '1976-03-17', '1985-09-15', '15', '3'),
('139', '1964-09-28', '1945-12-14', '6', '5'),
('140', '1972-05-27', '1907-10-19', '31', '3'),
('141', '1917-09-01', '1954-11-20', '140', '3'),
('142', '1987-01-03', '1947-02-17', '8', '4'),
('143', '2004-01-27', '1965-01-16', '142', '2'),
('144', '2004-07-25', '1969-03-02', '76', '2'),
('145', '1944-01-02', '1906-08-03', '52', '2'),
('146', '1926-11-25', '1972-11-10', '59', '0'),
('147', '1906-09-21', '1958-04-09', '23', '3'),
('148', '1937-03-27', '1927-06-07', '161', '3'),
('149', '1936-11-17', '1956-11-05', '49', '0'),
('151', '1917-07-08', '1962-06-18', '162', '1'),
('301', '2014-10-17', '2020-02-02', '5', '5'),
('302', '2014-10-17', '2020-02-02', '6', '5'),
('303', '2014-10-17', '2020-02-02', '7', '5');

CREATE TABLE `Campana_Comunicacion` (
   `ID_Campana` int(3),
   `ID_Comunicacion` int(3)
) ENGINE=InnoDB DEFAULT CHARSET=utf8;

INSERT INTO `Campana_Comunicacion` (`ID_Campana`, `ID_Comunicacion`) VALUES 
('131', '447'),
('49', '185'),
('74', '191'),
('43', '87'),
('91', '468'),
('134', '177'),
('136', '373'),
('82', '148'),
('115', '315'),
('85', '34'),
('95', '42'),
('18', '62'),
('88', '333'),
('10', '333'),
('119', '263'),
('9', '86'),
('17', '367'),
('149', '283'),
('8', '145'),
('84', '448'),
('66', '301'),
('78', '101'),
('100', '5'),
('75', '265'),
('117', '100'),
('12', '421'),
('110', '277'),
('20', '466'),
('17', '114'),
('97', '18'),
('24', '92'),
('35', '65'),
('15', '292'),
('137', '204'),
('45', '320'),
('87', '23'),
('82', '11'),
('138', '220'),
('79', '473'),
('20', '340'),
('149', '467'),
('59', '292'),
('9', '443'),
('143', '2'),
('85', '342'),
('6', '228'),
('35', '315'),
('148', '52'),
('144', '467'),
('140', '451'),
('40', '207'),
('56', '234'),
('73', '323'),
('125', '284'),
('102', '347'),
('40', '334'),
('28', '28'),
('131', '497'),
('88', '468'),
('87', '222'),
('59', '241'),
('87', '307'),
('150', '117'),
('130', '1'),
('106', '205'),
('10', '489'),
('108', '88'),
('26', '179'),
('53', '427'),
('79', '347'),
('31', '199'),
('122', '294'),
('20', '247'),
('104', '190'),
('44', '211'),
('13', '433'),
('95', '387'),
('78', '286'),
('95', '496'),
('68', '234'),
('73', '386'),
('59', '18'),
('69', '12'),
('33', '317'),
('126', '239'),
('1', '349'),
('23', '420'),
('22', '187'),
('121', '157'),
('21', '231'),
('125', '281'),
('121', '364'),
('44', '376'),
('140', '444'),
('77', '143'),
('148', '13'),
('8', '92'),
('112', '274'),
('117', '380'),
('11', '444'),
('115', '402'),
('57', '499'),
('71', '5'),
('122', '57'),
('115', '32'),
('140', '220'),
('111', '328'),
('2', '47'),
('141', '458'),
('137', '123'),
('49', '445'),
('99', '73'),
('23', '440'),
('120', '431'),
('96', '331'),
('48', '86'),
('46', '259'),
('101', '351'),
('14', '424'),
('133', '342'),
('53', '372'),
('137', '115'),
('119', '490'),
('41', '183'),
('118', '120'),
('97', '314'),
('1', '37'),
('100', '363'),
('17', '236'),
('69', '4'),
('87', '85'),
('54', '275'),
('56', '233'),
('31', '388'),
('45', '419'),
('102', '188'),
('14', '23'),
('149', '294'),
('90', '392'),
('66', '112'),
('106', '291'),
('74', '17'),
('94', '173'),
('42', '217'),
('27', '206'),
('135', '262'),
('71', '1'),
('11', '369'),
('38', '4'),
('128', '320'),
('60', '195'),
('31', '431'),
('119', '202'),
('140', '355'),
('141', '64'),
('52', '365'),
('122', '21'),
('47', '446'),
('37', '70'),
('43', '285'),
('32', '27'),
('125', '443'),
('121', '414'),
('118', '125'),
('95', '199'),
('87', '346'),
('110', '210'),
('86', '110'),
('26', '406'),
('34', '419'),
('145', '55'),
('97', '233'),
('57', '312'),
('20', '429'),
('26', '319'),
('31', '128'),
('55', '68'),
('73', '266'),
('43', '378'),
('76', '265'),
('19', '65'),
('67', '263'),
('138', '447'),
('54', '461'),
('39', '113'),
('9', '58'),
('138', '211'),
('5', '40'),
('24', '369'),
('62', '345'),
('110', '73'),
('89', '137'),
('3', '267'),
('14', '489'),
('101', '183'),
('112', '89'),
('91', '77'),
('82', '442'),
('22', '66'),
('0', '160');

CREATE TABLE `Campana_Maquina` (
   `ID_Campana` int(3),
   `ID_Maquina` int(3)
) ENGINE=InnoDB DEFAULT CHARSET=utf8;

INSERT INTO `Campana_Maquina` (`ID_Campana`, `ID_Maquina`) VALUES 
('3', '0'),
('0', '1'),
('2', '2'),
('4', '3'),
('0', '4'),
('1', '5');

CREATE TABLE `Ciudad` (
   `ID_Ciudad` int(3) not null auto_increment,
   `Nombre_Ciudad` varchar(20),
   `ID_Zona` int(3),
   `ID_Provincia` int(3),
   `Codigo_Postal` int(8),
   PRIMARY KEY (`ID_Ciudad`)
) ENGINE=InnoDB DEFAULT CHARSET=utf8 AUTO_INCREMENT=301;

INSERT INTO `Ciudad` (`ID_Ciudad`, `Nombre_Ciudad`, `ID_Zona`, `ID_Provincia`, `Codigo_Postal`) VALUES 
('1', 'South Rahnfort', '', '1', '85665'),
('2', 'New Eliemouth', '', '2', '41734'),
('3', 'East Gustiemouth', '', '5', '12921'),
('4', 'Janafort', '', '4', '3166'),
('5', 'Smithside', '', '21', '14571'),
('6', 'Lake Jimmy', '', '3', '6857'),
('7', 'West Cal', '', '4', '14724'),
('8', 'Blandaside', '', '3', '97764'),
('9', 'Port Greysonborough', '', '18', '16963'),
('10', 'Mertzburgh', '', '3', '40983'),
('11', 'New Trey', '', '18', '62394'),
('12', 'Roweport', '', '15', '1789'),
('13', 'Port Elzy', '', '19', '20134'),
('14', 'North Moesha', '', '9', '51174'),
('15', 'East Erlineton', '', '1', '60071'),
('16', 'Cummingsfort', '', '3', '8990'),
('17', 'Sharylberg', '', '1', '2551'),
('18', 'Hudsonchester', '', '23', '8596'),
('19', 'Port Cadefort', '', '23', '76991'),
('20', 'Strackeborough', '', '12', '89903'),
('21', 'East Edison', '', '16', '90571'),
('22', 'Tiffanyberg', '', '4', '46639'),
('23', 'New Genaroshire', '', '7', '84407'),
('24', 'North Cleveland', '', '1', '36519'),
('25', 'South Finn', '', '6', '48486'),
('26', 'Kossfort', '', '1', '31977'),
('27', 'East Pearlie', '', '5', '94734'),
('28', 'West Shelli', '', '14', '99156'),
('29', 'South Meredith', '', '9', '51911'),
('30', 'South Napoleonstad', '', '3', '30377'),
('31', 'Parisianmouth', '', '9', '91382'),
('32', 'West Etherport', '', '14', '42483'),
('33', 'Boganville', '', '11', '69727'),
('34', 'New Clausmouth', '', '22', '12875'),
('35', 'Faystad', '', '9', '81092'),
('36', 'New Lyle', '', '2', '73092'),
('37', 'Legrosshire', '', '15', '72598'),
('38', 'Port Tiaville', '', '20', '75215'),
('39', 'West Cordia', '', '11', '13260'),
('40', 'Pacochafurt', '', '5', '18180'),
('41', 'Wiegandport', '', '18', '77635'),
('42', 'Port Eleonoreland', '', '14', '31605'),
('43', 'Carolynfort', '', '17', '59633'),
('44', 'East Cesar', '', '11', '21027'),
('45', 'South Cassidyfort', '', '18', '37804'),
('46', 'South Seward', '', '1', '70830'),
('47', 'Jesston', '', '11', '32078'),
('48', 'West Marland', '', '2', '16819'),
('49', 'New Courtneyview', '', '13', '65106'),
('50', 'Port Lawtonbury', '', '9', '61416'),
('51', 'Bayerstad', '', '4', '59861'),
('52', 'Christopmouth', '', '7', '9559'),
('53', 'East Arlene', '', '15', '31200'),
('54', 'West Jayemouth', '', '23', '8112'),
('55', 'East Porshaberg', '', '20', '29537'),
('56', 'South Cherise', '', '11', '45467'),
('57', 'Lake Errol', '', '22', '6496'),
('58', 'Wolffville', '', '22', '341'),
('59', 'Osinskichester', '', '17', '40078'),
('60', 'O Harahaven', '', '1', '96771'),
('61', 'West Mallie', '', '7', '159'),
('62', 'South Otho', '', '7', '34562'),
('63', 'North Mariannaburgh', '', '8', '9484'),
('64', 'Darriusburgh', '', '13', '89796'),
('65', 'West Jordinville', '', '13', '82328'),
('66', 'New Graves', '', '18', '89713'),
('67', 'Monahanchester', '', '22', '33468'),
('68', 'West Tom', '', '12', '82131'),
('69', 'West Evelineberg', '', '8', '40162'),
('70', 'Jaydeport', '', '19', '24841'),
('71', 'Reeceburgh', '', '3', '70853'),
('72', 'Parisianburgh', '', '2', '58222'),
('73', 'Thielshire', '', '1', '92261'),
('74', 'Ballardland', '', '20', '32841'),
('75', 'Port Kade', '', '4', '54974'),
('76', 'New Frankside', '', '23', '15286'),
('77', 'New Olaf', '', '13', '47848'),
('78', 'North Jaxon', '', '6', '88530'),
('79', 'Lake Margieshire', '', '21', '41258'),
('80', 'Lake Vevaberg', '', '23', '7072'),
('81', 'Hilperthaven', '', '19', '3931'),
('82', 'East Romainestad', '', '7', '76378'),
('83', 'Gavenstad', '', '11', '28887'),
('84', 'Evanfort', '', '7', '45949'),
('85', 'Jalynnville', '', '13', '88721'),
('86', 'Hacketthaven', '', '9', '26247'),
('87', 'Lake Orrie', '', '21', '80506'),
('88', 'South Rexchester', '', '17', '63762'),
('89', 'Strosinmouth', '', '22', '60674'),
('90', 'Langoshview', '', '10', '13137'),
('91', 'Ricoborough', '', '23', '85700'),
('92', 'Rickyview', '', '0', '94747'),
('93', 'Douglasburgh', '', '22', '61560'),
('94', 'Stammfurt', '', '4', '40099'),
('95', 'Lake Montville', '', '0', '28542'),
('96', 'New Gwynborough', '', '6', '20189'),
('97', 'Lake Camden', '', '19', '654'),
('98', 'South Karon', '', '1', '90320'),
('99', 'Lutiemouth', '', '23', '93498'),
('100', 'Port Eura', '', '22', '36752'),
('101', 'New Abramside', '', '21', '20085'),
('102', 'Streichburgh', '', '4', '76690'),
('103', 'East Larabury', '', '19', '23502'),
('104', 'Christport', '', '20', '39849'),
('105', 'Kihnhaven', '', '18', '79261'),
('106', 'West Salvatoremouth', '', '22', '3380'),
('107', 'Lake Destin', '', '23', '74365'),
('108', 'West Jasmine', '', '13', '69541'),
('109', 'Hauckberg', '', '15', '70898'),
('110', 'New Casenborough', '', '21', '7771'),
('111', 'Bradtkebury', '', '12', '33447'),
('112', 'New Davonteport', '', '0', '67331'),
('113', 'Kuphalton', '', '1', '14042'),
('114', 'Port Jaxberg', '', '6', '79113'),
('115', 'South Jazlenechester', '', '3', '32443'),
('116', 'Denesikhaven', '', '21', '79230'),
('117', 'Darechester', '', '2', '19767'),
('118', 'Bradtkechester', '', '9', '63678'),
('119', 'West Coraliestad', '', '13', '79498'),
('120', 'Jackiestad', '', '3', '69489'),
('121', 'Cronaview', '', '10', '62108'),
('122', 'South Laverne', '', '9', '3394'),
('123', 'Towneborough', '', '18', '61906'),
('124', 'Jaquelinefort', '', '3', '31202'),
('125', 'Ovaburgh', '', '4', '7834'),
('126', 'Maribethbury', '', '9', '48397'),
('127', 'Mckaylaside', '', '16', '15216'),
('128', 'Schoenmouth', '', '10', '82688'),
('129', 'South Daisey', '', '10', '18080'),
('130', 'Keelingchester', '', '13', '76665'),
('131', 'East Maryannechester', '', '4', '49265'),
('132', 'West Alisha', '', '10', '53091'),
('133', 'Piperport', '', '18', '31146'),
('134', 'Katinamouth', '', '6', '5664'),
('135', 'Chinashire', '', '20', '4961'),
('136', 'Parkermouth', '', '21', '28659'),
('137', 'East Garryfort', '', '11', '73618'),
('138', 'Alesiafurt', '', '11', '3216'),
('139', 'Lake Treton', '', '14', '26192'),
('140', 'Wesleyfurt', '', '2', '29874'),
('141', 'Schinnerchester', '', '9', '5136'),
('142', 'Kamimouth', '', '5', '89850'),
('143', 'New Roseanna', '', '23', '91324'),
('144', 'West Jayvionchester', '', '18', '24339'),
('145', 'Mckenzieside', '', '13', '13558'),
('146', 'South Mitchell', '', '8', '7122'),
('147', 'Gladysbury', '', '3', '4795'),
('148', 'Stanislausborough', '', '6', '45947'),
('149', 'Port Venie', '', '2', '39782'),
('151', 'Kassulkemouth', '', '23', '666');

CREATE TABLE `Ciudad_Provincia` (
   `ID_Ciudad` int(3),
   `ID_Provincia` int(3)
) ENGINE=InnoDB DEFAULT CHARSET=utf8;

INSERT INTO `Ciudad_Provincia` (`ID_Ciudad`, `ID_Provincia`) VALUES 
('0', '23'),
('1', '1'),
('2', '2'),
('3', '5'),
('4', '4'),
('5', '21'),
('6', '3'),
('7', '4'),
('8', '3'),
('9', '18'),
('10', '3'),
('11', '18'),
('12', '15'),
('13', '19'),
('14', '9'),
('15', '1'),
('16', '3'),
('17', '1'),
('18', '23'),
('19', '23'),
('20', '12'),
('21', '16'),
('22', '4'),
('23', '7'),
('24', '1'),
('25', '6'),
('26', '1'),
('27', '5'),
('28', '14'),
('29', '9'),
('30', '3'),
('31', '9'),
('32', '14'),
('33', '11'),
('34', '22'),
('35', '9'),
('36', '2'),
('37', '15'),
('38', '20'),
('39', '11'),
('40', '5'),
('41', '18'),
('42', '14'),
('43', '17'),
('44', '11'),
('45', '18'),
('46', '1'),
('47', '11'),
('48', '2'),
('49', '13'),
('50', '9'),
('51', '4'),
('52', '7'),
('53', '15'),
('54', '23'),
('55', '20'),
('56', '11'),
('57', '22'),
('58', '22'),
('59', '17'),
('60', '1'),
('61', '7'),
('62', '7'),
('63', '8'),
('64', '13'),
('65', '13'),
('66', '18'),
('67', '22'),
('68', '12'),
('69', '8'),
('70', '19'),
('71', '3'),
('72', '2'),
('73', '1'),
('74', '20'),
('75', '4'),
('76', '23'),
('77', '13'),
('78', '6'),
('79', '21'),
('80', '23'),
('81', '19'),
('82', '7'),
('83', '11'),
('84', '7'),
('85', '13'),
('86', '9'),
('87', '21'),
('88', '17'),
('89', '22'),
('90', '10'),
('91', '23'),
('92', '0'),
('93', '22'),
('94', '4'),
('95', '0'),
('96', '6'),
('97', '19'),
('98', '1'),
('99', '23'),
('100', '22'),
('101', '21'),
('102', '4'),
('103', '19'),
('104', '20'),
('105', '18'),
('106', '22'),
('107', '23'),
('108', '13'),
('109', '15'),
('110', '21'),
('111', '12'),
('112', '0'),
('113', '1'),
('114', '6'),
('115', '3'),
('116', '21'),
('117', '2'),
('118', '9'),
('119', '13'),
('120', '3'),
('121', '10'),
('122', '9'),
('123', '18'),
('124', '3'),
('125', '4'),
('126', '9'),
('127', '16'),
('128', '10'),
('129', '10'),
('130', '13'),
('131', '4'),
('132', '10'),
('133', '18'),
('134', '6'),
('135', '20'),
('136', '21'),
('137', '11'),
('138', '11'),
('139', '14'),
('140', '2'),
('141', '9'),
('142', '5'),
('143', '23'),
('144', '18'),
('145', '13'),
('146', '8'),
('147', '3'),
('148', '6'),
('149', '2');

CREATE TABLE `Cliente` (
   `Cuit` decimal(11,0) not null,
   `Nombre` varchar(20),
   `Razon_Social` varchar(20) default 'null',
   `ID_Ciudad` int(2),
   `ID_Provincia` int(3),
   `ID_Actividad` int(3),
   PRIMARY KEY (`Cuit`)
) ENGINE=InnoDB DEFAULT CHARSET=utf8;

INSERT INTO `Cliente` (`Cuit`, `Nombre`, `Razon_Social`, `ID_Ciudad`, `ID_Provincia`, `ID_Actividad`) VALUES 
('1', 'Pepe', 'q413e236134', '23', '22', '34'),
('5925214', 'Frazier Conn', 'cwbx', '43', '1', '15'),
('7684966', 'Dr  Mettie Ondricka', 'nt', '113', '20', '119'),
('14436485', 'Emilie McClure', 'oyel', '88', '18', '9'),
('15360503', 'Adelbert Buckridge', 'posq', '103', '21', '78'),
('18034577', 'Elfie Bogan DVM', 'kq', '7', '15', '109'),
('18431385', 'Dottie Gerlach', 'zz', '61', '1', '4'),
('21713500', 'Darcie Jast', 'qgrswwsdo', '76', '8', '88'),
('24683363', 'Silvester Lehner', 'tmijmj', '16', '7', '91'),
('24735431', 'Dr  Floy Waelchi IV', 'pgoon', '24', '10', '162'),
('27930218', 'Jerrel Ferry', 'aw', '147', '9', '163'),
('28286017', 'Jerod Goyette', 'yrcg', '80', '8', '128'),
('28429494', 'Dr  Araceli Parker', 'yhogv', '3', '14', '175'),
('29351045', 'Willie Pacocha DDS', 'jnbftuizp', '116', '11', '22'),
('29984952', 'Dr  Adelina Harris', 'svrtirm', '13', '15', '175'),
('30027747', 'Jethro Gorczany', 'jerhksx', '0', '23', '189'),
('34049107', 'Reagan Gislason', 'bqhrjajm', '48', '8', '46'),
('36441370', 'Ewin Carter DDS', 'kw', '71', '6', '179'),
('40885612', 'Hjalmar Nienow DDS', 'rpunutri', '118', '7', '47'),
('42833753', 'Mr  Hilary Barrows', 'bwqtd', '14', '13', '139'),
('45251637', 'Zachary Bernier', 'fqc', '45', '21', '32'),
('45407579', 'Dr  Barry Leffler', 'szteqwj', '143', '1', '110'),
('47910926', 'Ruby Welch', 'dlt', '45', '12', '74'),
('49315520', 'Makenzie Sauer', 'qfjzqyxx', '89', '18', '150'),
('51284698', 'Kyra Koch', 'fmirfwej', '126', '9', '70'),
('55546231', 'Idell Stehr', 'jrjfik', '90', '2', '146'),
('59915956', 'Rube Hauck PhD', 'guvbo', '122', '23', '59'),
('61280868', 'Beau Barton', 'zasqgzpc', '46', '7', '88'),
('64095417', 'Gorge Kris', 'cdwrfe', '68', '19', '79'),
('64284515', 'Ashly Legros', 'fvfv', '10', '14', '32'),
('65908536', 'Mrs  Vannie Corkery ', 'eikcmfho', '55', '3', '131'),
('69247182', 'Ayesha Leuschke', 'ddzttyd', '106', '22', '165'),
('74722391', 'Ms  Sarina Jaskolski', 'yrvbty', '113', '9', '165'),
('75145526', 'Almeta Dibbert', 'qo', '36', '8', '15'),
('75346634', 'Miss Matie Crooks Ph', 'zf', '145', '21', '82'),
('77203792', 'Birtha Schmidt', 'nozwltvsb', '80', '19', '32'),
('81842291', 'Cassie Medhurst', 'vhramoeq', '136', '23', '172'),
('88191553', 'Giada Jakubowski', 'nqx', '58', '22', '30'),
('88952492', 'Carleton Abshire', 'mqivprhffv', '34', '15', '143'),
('89406923', 'Yuliana Kirlin', 'askumxs', '133', '15', '127'),
('89446547', 'Chalmers Nitzsche', 'dvtomlw', '75', '0', '189'),
('97811295', 'Leah Block PhD', 'nwrgkrie', '21', '2', '11'),
('102289559', 'Glendon Weissnat', 'imckysn', '34', '3', '127'),
('103857293', 'Robert Harris', 'rbsze', '120', '1', '25'),
('104919690', 'Miss Venita Runolfsd', 'qb', '30', '3', '180'),
('105742809', 'Woodie Dach', 'o', '134', '5', '112'),
('106034396', 'Miss Otha Haley', 'sxbbers', '96', '17', '190'),
('108909917', 'Irva Feeney', 'ynt', '120', '4', '107'),
('111249155', 'Audry Hagenes', 'culzchh', '132', '20', '184'),
('111936489', 'Gannon Langosh I', 'oe', '69', '16', '91'),
('112312346', 'Dr  Durrell Pfanners', 's', '89', '7', '198'),
('112774326', 'Sherita DuBuque', 'tomhslgy', '19', '12', '165'),
('113523841', 'Carly Braun', 'arzqlfat', '49', '4', '4'),
('117472651', 'Dr  Eunice Maggio MD', 'smgseqaat', '125', '15', '18'),
('118217848', 'Reece Heller DVM', 'xrbvvck', '11', '14', '169'),
('118968896', 'Dr  Sherman Gulgowsk', 'pfblb', '121', '13', '135'),
('120485773', 'Dawn Effertz', 'l', '81', '15', '95'),
('120870979', 'Eleonore Swift', 'ar', '57', '13', '23'),
('127013229', 'Mrs  Joselin Kemmer', 'pqvv', '8', '1', '126'),
('127252323', 'Alys Balistreri', 'fasprxct', '127', '19', '132'),
('128615773', 'Rollin Satterfield S', 'mnzdirull', '66', '23', '131'),
('129560270', 'Mrs  Ethel Mayert', 'hvlgipwe', '117', '23', '44'),
('132389430', 'Kobe Kuphal DDS', 'ekbuebkwj', '7', '17', '20'),
('135853320', 'Deegan Altenwerth', 'vj', '68', '19', '162'),
('139484379', 'Anfernee Koepp', 'xudgb', '12', '9', '29'),
('139578611', 'Delinda Jewess', 'mwqdjs', '76', '8', '187'),
('139954299', 'Hermon Cartwright', 'joitvxh', '57', '19', '160'),
('142233532', 'Zeb Runolfsdottir', 'udhv', '66', '23', '168'),
('144189483', 'Ottilia Bernhard', 'axqhawlor', '59', '20', '19'),
('146095262', 'Mayra Erdman', 'sigwjdc', '138', '10', '187'),
('146782573', 'Jacquelin Nitzsche', 'nhevn', '12', '13', '78'),
('147248835', 'Tyreese Robel', 'isio', '123', '1', '85'),
('149217046', 'Miss Marianne Strack', 'qfjvcf', '128', '23', '14'),
('150147722', 'Mrs  Lavelle Simonis', 'zmav', '83', '13', '170'),
('150398234', 'Rennie Dibbert', 'xtfjqhp', '33', '20', '89'),
('150476637', 'Berenice Dickens', 'rpgey', '75', '6', '86'),
('150780721', 'Pamala Wiza', 'pgej', '19', '18', '72'),
('152662000', 'Elinore Jaskolski', 'nqenvdgjy', '64', '6', '123'),
('157252028', 'Dr  Diya Flatley', 'cnvlzd', '20', '22', '25'),
('158434320', 'Taurean Cronin', 'sqstg', '39', '22', '144'),
('163442710', 'Delvin Hudson', 'h', '122', '7', '175'),
('166215977', 'Carma Bosco', 'munr', '3', '20', '165'),
('166624019', 'Magen Wolf', 'fhjwcwilcm', '117', '0', '108'),
('167848250', 'Zariah Jaskolski', 'dzvzhx', '76', '10', '98'),
('168607075', 'Meagan Ledner', 'akvmkt', '7', '9', '172'),
('175195429', 'Tomasa Dickinson', 'irvnvyzyk', '118', '10', '119'),
('175877714', 'Bebe Feil DVM', 'uwa', '136', '1', '22'),
('176354657', 'Dr  Loren Koelpin', 'hncvpgph', '56', '22', '92'),
('177367560', 'Lish Torphy DVM', 'neldfpr', '20', '5', '23'),
('178960298', 'Madisyn Borer', 'yymuieplt', '45', '16', '116'),
('178961218', 'Jaycob Crona', 'piyiua', '83', '18', '49'),
('179117530', 'Salome Jacobs', 'qce', '134', '3', '16'),
('180870992', 'Myrl Stanton', 'djtrhbh', '80', '5', '140'),
('180924807', 'Dejon Denesik', 'u', '117', '2', '154'),
('180935908', 'Mr  Tandy Leuschke I', 'yedqc', '138', '1', '18'),
('184836767', 'Dr  Arlan Lowe', 'gaahzhirtp', '98', '11', '84'),
('188263917', 'Belia Barrows', 'izlnc', '112', '20', '42'),
('192282056', 'Hobson Emmerich', 'xnefejfb', '31', '21', '196'),
('193441750', 'Heber Altenwerth', 'juqkfli', '45', '5', '8'),
('194648870', 'Mr  Ely Beer III', 'dbvibbp', '47', '17', '124'),
('197813366', 'Delle Kemmer', 'oa', '55', '21', '2'),
('198518847', 'Windell White', 'gcdzdgefny', '53', '16', '194'),
('200299465', 'Arvin Greenholt', 'pypf', '131', '5', '157'),
('202336517', 'Mr  Severt Lakin IV', 'tptuwifly', '141', '14', '119'),
('202867915', 'Reilly Boyle DDS', 'kaefznnff', '75', '11', '10'),
('203024216', 'Dorthea Renner', 'abizhx', '34', '6', '61'),
('204230087', 'Mr  Miguelangel Doyl', 'fb', '91', '10', '25'),
('210568322', 'Hartley Zulauf IV', 'grikzpmgx', '125', '21', '174'),
('212244107', 'Dr  Codi Fahey', 'uh', '24', '1', '161'),
('216969742', 'Villa Braun', 'ykcnli', '134', '16', '95'),
('217772683', 'Noe Treutel', 'lvubrkknc', '50', '6', '142'),
('218590797', 'Ciarra Olson', 'jfyd', '72', '10', '29'),
('221864988', 'Dr  Gay Kovacek', 'ezalntowz', '81', '19', '36'),
('230619949', 'Miss Nolia Wisozk', 'dbacbqgtil', '14', '9', '175'),
('242324823', 'Francisco Smith', 'kn', '86', '22', '174'),
('242411488', 'Angel Kunde', 't', '62', '23', '12'),
('245787256', 'Tomasa Doyle', 'trirggk', '119', '7', '192'),
('246007110', 'Jonas Osinski Jr ', 'kl', '48', '8', '163'),
('246597787', 'Barb Wilderman', 'rkkdnsft', '87', '14', '95'),
('250282316', 'Toya Gleason', 'vp', '73', '17', '91'),
('251529371', 'Bobby Nicolas Jr ', 'mbzggbaj', '101', '18', '90'),
('254102328', 'Miss Belinda Cruicks', 'msbie', '144', '5', '137'),
('255902675', 'Jabbar Cassin', 'd', '55', '23', '39'),
('258715515', 'Octave Nader', 'bvazwvehm', '102', '18', '128'),
('264786544', 'Brittani Lynch', 'ccpwozp', '4', '17', '127'),
('265090772', 'Miss Magan Kuhic DVM', 'iiehkmqcp', '82', '4', '101'),
('266050545', 'Jerome Waelchi', 'tlebtjnxrx', '75', '11', '141'),
('273320527', 'Miss Billy Kunze', 'f', '110', '4', '131'),
('273806743', 'Harrell Hessel', 'yrrio', '86', '7', '195'),
('275484481', 'Geri Moen', 'wbj', '32', '22', '54'),
('278577547', 'Dr  Alwin Lehner Jr ', 'zwdluxg', '46', '18', '113'),
('280138994', 'Tayla Grimes', 'ypz', '49', '0', '177'),
('281858213', 'Dr  Lone Mann', 'ficcsip', '35', '10', '118'),
('281952523', 'Arie Wuckert', 'gugpnetkep', '128', '5', '34'),
('286062404', 'Marylyn McCullough', 'enplr', '144', '3', '66'),
('286223165', 'Mr  Dakota Koch MD', 'rsig', '11', '3', '112'),
('286358283', 'Ula Koepp DDS', 'dxpykfuiep', '136', '9', '168'),
('286602833', 'Sadye Rosenbaum', 'dcrbo', '16', '21', '94'),
('286991818', 'Jinnie Schuppe', 'quhmfgj', '64', '11', '189'),
('291222080', 'Dr  Jeanna Pagac', 'lbhn', '49', '7', '3'),
('295692952', 'Yancy Carter III', 'urastglkp', '94', '2', '176'),
('297194330', 'Lillie Herzog', 'vrpgunrh', '92', '15', '139'),
('298075925', 'Pearly Moore', 'wrkrukrrx', '144', '15', '68'),
('300646815', 'Ms  Dorthea Strosin', 'lwtxemgir', '108', '13', '18'),
('304041169', 'Gale Schulist', 'gfraungb', '116', '5', '79'),
('304239807', 'Marcello Schmitt', 'oudrcnqi', '92', '13', '56'),
('308614967', 'Esker Weimann Jr ', 'bgpnc', '88', '18', '28'),
('308876663', 'Ms  Jordyn Glover', 'z', '87', '12', '32'),
('310492432', 'Mrs  Athena Huel', 'kh', '73', '13', '63'),
('314305253', 'Che Marquardt III', 'y', '70', '14', '64'),
('315080592', 'Mr  Spencer Heidenre', 'j', '73', '8', '182'),
('318978936', 'Georgie Fisher', 'epjaho', '80', '0', '139'),
('320923925', 'Mannie Waelchi', 'zrrxfta', '120', '12', '28'),
('322095151', 'Mrs  Shanell Kulas D', 'tzzmotk', '32', '20', '133'),
('322551479', 'Charolette Collins', 'atyykfovk', '101', '19', '191'),
('325156403', 'Miss Cortney Bruen', 'oxqi', '18', '8', '51'),
('326322769', 'Lish Rolfson DVM', 'avllx', '99', '0', '89'),
('327750678', 'Dorsey Trantow', 'nwqmqjzgjf', '88', '16', '192'),
('329584559', 'Mrs  Cilla Yundt', 'nuhsedy', '95', '3', '186'),
('329993481', 'Miss Ardella Pouros', 'sxf', '13', '9', '160'),
('330323699', 'Jaylyn Murazik', 'b', '139', '0', '26'),
('331007694', 'Conway Anderson', 'hl', '129', '15', '37'),
('335419772', 'Ms  Evelynn Dicki', 'kggex', '107', '8', '63'),
('335903903', 'Roswell Jast', 'iuew', '123', '0', '157'),
('339266646', 'Ace Ledner', 'hdlgrmkfm', '122', '10', '181'),
('340328149', 'Corina Kozey', 'cliwiv', '139', '16', '103'),
('340529959', 'Almer Windler', 'zcuyfj', '46', '15', '107'),
('345422137', 'Jennifer Terry', 'bfsx', '78', '6', '56'),
('345836838', 'Encarnacion Boyle', 'tfrclfko', '11', '12', '167'),
('350153730', 'Marquise Kunde', 'fhp', '65', '6', '149'),
('362093628', 'Coley Bogan', 'ujlce', '36', '19', '176'),
('363394789', 'Mrs  Ruthie Russel', 'rgcgnw', '125', '11', '78'),
('365650570', 'Anya Grant', 'zqan', '122', '12', '59'),
('369505572', 'Lexie Ruecker', 'fchpusp', '40', '21', '55'),
('371307903', 'Elmira Wolf', 'ysmyr', '1', '14', '199'),
('376516063', 'Mikal Green', 'eoisu', '33', '4', '76'),
('379429180', 'Cathryn Stehr', 'uunxjo', '34', '4', '119'),
('384447087', 'Clem Mitchell', 'jufrqoxl', '90', '13', '4'),
('390908000', 'Rishi Hessel', 'fkyrxm', '37', '12', '149'),
('391910119', 'Kaylen Jenkins', 'jvtvospj', '37', '8', '47'),
('396249218', 'Beverlee Kunze PhD', 'xwpuhqk', '143', '14', '93'),
('396487944', 'Janel Beier', 'g', '27', '13', '192'),
('396640173', 'Joana Prohaska PhD', 'tdnao', '129', '10', '127'),
('397065116', 'Dr  Xzavier Doyle MD', 'vdjap', '132', '12', '86'),
('404506106', 'Marion Zboncak', 'mskqjvragt', '35', '6', '132'),
('407050318', 'Darian Larson', 'aeqktsdo', '54', '17', '161'),
('412850121', 'Salome Ankunding', 'nucxbhjwp', '76', '14', '25'),
('415194430', 'Esta McLaughlin DDS', 'rfrpl', '108', '9', '58'),
('415267281', 'Hal Weber', 'ojbyzn', '70', '23', '15'),
('415786128', 'Cayla Stanton', 'wielrjqhog', '117', '20', '177'),
('417067347', 'Mr  Lemon O Connell', 'aiggkzrwrc', '139', '23', '161'),
('423358998', 'Craig Rodriguez', 'omjrkbaqoc', '17', '13', '4'),
('425852623', 'Aimee Walker', 'gbg', '137', '20', '66'),
('425929329', 'Ms  Margarite Langwo', 'n', '131', '9', '89'),
('426410273', 'Dakota Smith', 'hgprjiycy', '58', '11', '0'),
('426986788', 'Roland Mante', 'ecco', '44', '8', '162'),
('428405940', 'Ezekiel Kuphal', 'xwkmq', '113', '13', '89'),
('428765655', 'Lotta Mraz DVM', 'nk', '99', '7', '141'),
('429789493', 'Contina Dickens PhD', 'tawbmdh', '41', '12', '124'),
('432580802', 'Dr  Shep Runolfsson ', 'qqbmitggp', '50', '5', '17'),
('438601118', 'Elma Runolfsson', 'h', '131', '3', '191'),
('443988164', 'Dr  Reagan Bernhard ', 'cauxooa', '61', '11', '140'),
('444029367', 'Donie Hegmann', 'p', '1', '13', '179'),
('448060256', 'Miss Evaline Russel ', 'hwymlvdk', '122', '14', '139'),
('449910100', 'Omarion Wisozk', 'b', '137', '12', '16'),
('452090137', 'Harl Aufderhar', 'r', '53', '3', '153'),
('457461304', 'Mrs  Drusilla Lowe', 'w', '111', '21', '1'),
('458421145', 'Zena Schulist', 'v', '105', '16', '189'),
('458902755', 'Felipa Schulist', 'ek', '17', '3', '151'),
('460783049', 'Warner Jones DDS', 'urjhy', '80', '5', '94'),
('462868104', 'Dante VonRueden', 'v', '136', '1', '182'),
('463128446', 'Tamala Wisozk', 'hqnjtz', '41', '10', '166'),
('463331304', 'Kamila Lakin', 'iyfnzwxwpr', '149', '9', '184'),
('465199851', 'Kinsey Langworth', 'cfimsybu', '42', '18', '50'),
('465912846', 'Mrs  Talia Boyle', 'oaxc', '58', '12', '172'),
('467807507', 'Gertha Strosin', 'tdpucc', '133', '6', '110'),
('470649643', 'Cordero Barrows', 'ypxph', '146', '3', '106'),
('474932297', 'Pleas Kohler', 'srpvx', '58', '14', '110'),
('475423332', 'Mrs  Beth O Kon DVM', 'f', '8', '13', '27'),
('480523157', 'Dr  Haden Dickens', 'ugg', '111', '17', '8'),
('481440607', 'Laurence Shanahan', 'v', '15', '0', '147'),
('483933275', 'Thomas King', 'do', '19', '6', '101'),
('487396309', 'Gilmore Macejkovic', 'uzbvtdxx', '127', '9', '7'),
('490432231', 'Merrill Stokes', 'kfh', '61', '17', '142'),
('496058157', 'Emory McKenzie', 'jkznpdwvuu', '55', '10', '12'),
('497754869', 'Damarcus Cronin', 'yennnrmfd', '64', '8', '121'),
('498297058', 'Netta White', 'hkz', '85', '19', '99'),
('498408554', 'Lora Rohan', 'vtzdacf', '23', '0', '28'),
('499762751', 'Mr  Demetri Fisher S', 'riqwbkadx', '58', '15', '30'),
('502826241', 'Annabel Crist', 'e', '100', '0', '134'),
('504088769', 'Katia Stiedemann', 'ukzp', '69', '9', '73'),
('504336264', 'Brant Schamberger', 'rfh', '113', '4', '195'),
('506570627', 'Marcellus Orn', 'g', '48', '22', '88'),
('507544595', 'Cyntha Sanford', 'pgkdpsw', '77', '11', '118'),
('510832095', 'Mr  Adin Goyette II', 'rjfctfg', '126', '22', '174'),
('511745179', 'Ms  Earlene Schiller', 'qfzo', '68', '0', '100'),
('517424478', 'Lyric Okuneva', 'idmowaedt', '46', '19', '182'),
('518488570', 'Tinie Daniel', 'mmfvs', '134', '17', '191'),
('520666083', 'Sierra Stoltenberg', 'x', '109', '18', '85'),
('525601848', 'Mr  Abelardo Funk IV', 'ynfpgmhgfw', '26', '12', '171'),
('526831857', 'Dr  Orene Mosciski', 'nogw', '124', '3', '19'),
('527479034', 'Williemae Spencer', 'wa', '30', '16', '81'),
('528309842', 'Hiroshi Nitzsche', 'oyrpy', '80', '23', '85'),
('528361339', 'Gianna McGlynn', 'hwph', '63', '2', '43'),
('529502490', 'Needham Fritsch V', 'i', '140', '2', '187'),
('531530167', 'Bettye Prohaska DVM', 'pxhnycq', '143', '8', '187'),
('532062566', 'Michal Block', 'ff', '92', '1', '168'),
('532630461', 'Noble Dickinson', 'ucqvge', '136', '14', '179'),
('533199199', 'Mr  Buddie Toy', 'cim', '67', '4', '82'),
('533468968', 'Dr  Carlyle Hamill', 'jaujkaa', '110', '3', '115'),
('536174572', 'Ms  Daniella Reicher', 'qkqivk', '2', '12', '18'),
('536414772', 'Vern O Kon', 'ndl', '59', '20', '30'),
('536665015', 'Orilla Gerhold', 'kandlzpwk', '47', '23', '144'),
('537270169', 'Reilly Oberbrunner P', 'z', '48', '23', '147'),
('537556422', 'Tennille Paucek', 'skndbsz', '64', '0', '124'),
('538045198', 'Solon Prosacco', 'zjdj', '74', '8', '78'),
('538847811', 'Dr  Etha Bauch DVM', 'bo', '60', '13', '7'),
('540036864', 'Marge Harris DVM', 'djeb', '39', '8', '15'),
('542137769', 'Dr  Claus Kuvalis V', 'umjofkeevq', '125', '2', '158'),
('543487696', 'Dr  Karissa Carter', 'uohwpzth', '86', '23', '15'),
('544216375', 'Dr  Garner Boehm DVM', 'mispdhmly', '84', '17', '101'),
('544852794', 'Tristan Bruen', 'fwdxu', '31', '20', '172'),
('545544327', 'Hughes Smitham', 'ys', '31', '15', '79'),
('552238866', 'Jayce Feeney', 'oi', '74', '2', '6'),
('552766641', 'Dr  Daren Kuhlman', 'spobtyicy', '82', '7', '98'),
('557118724', 'Caldonia Weimann', 'gqqeehey', '49', '0', '90'),
('557550907', 'Lainey Welch', 'lfdofauqj', '63', '19', '106'),
('557572796', 'Damaris Dickinson DD', 'jscd', '81', '23', '2'),
('558347611', 'Lulie Yundt', 'zrromxixew', '123', '7', '94'),
('558862778', 'Galen Gaylord', 'fo', '35', '5', '119'),
('559401421', 'Ples Friesen PhD', 'er', '96', '14', '68'),
('562651634', 'Merrill Nolan MD', 'tyvx', '89', '18', '67'),
('565072847', 'Suzanne Cronin DVM', 'qhbg', '31', '19', '78'),
('565709675', 'Shelvia Gorczany', 'ja', '80', '2', '121'),
('569255435', 'Burke Towne', 'l', '100', '5', '163'),
('570081033', 'Drusilla Howell', 'llnmyq', '90', '2', '49'),
('576579050', 'Sydni Osinski', 'f', '131', '5', '23'),
('577963114', 'Spencer Kuhlman', 'v', '131', '19', '123'),
('579621885', 'Junior Vandervort MD', 'qx', '8', '23', '33'),
('582775343', 'Terrance Macejkovic', 'gizumjj', '98', '3', '101'),
('586622958', 'Ms  Birdie Price DVM', 'zciuttibln', '8', '7', '92'),
('586874648', 'Miss Sierra Zemlak', 'uis', '127', '4', '115'),
('588258349', 'Orlena Bauch', 'k', '123', '10', '137'),
('590724039', 'Miss Dennie Larson', 'tthlgv', '102', '14', '65'),
('592782202', 'Gorden Daugherty', 'wxir', '87', '20', '182'),
('595254253', 'Mr  Todd Labadie', 'rjpddm', '112', '17', '76'),
('600043557', 'Layla Wintheiser', 'm', '60', '10', '168'),
('602560313', 'Dr  Ferd Gibson', 'lpi', '47', '23', '162'),
('606372703', 'Vollie Okuneva', 'egcrukb', '123', '0', '71'),
('608259881', 'Dona Beier', 'sh', '54', '9', '185'),
('610404180', 'Elwin Gleason III', 'tsozcuwzc', '97', '16', '20'),
('616149252', 'Ms  Jaliyah Lakin', 'qlpzrsusx', '89', '6', '145'),
('616317509', 'Mariela Schmitt', 'ivuhcmrx', '118', '17', '157'),
('616884476', 'Ms  Ellen Dooley', 'liwmnbg', '20', '3', '32'),
('616940110', 'Mr  Paul Murray', 'rcjugyvaad', '78', '23', '69'),
('620911848', 'Emilia Sporer', 'dfjqyxcfo', '6', '13', '13'),
('624468610', 'Braelyn Hand DDS', 'b', '112', '3', '152'),
('625030820', 'Linzy Reilly', 'lnv', '124', '12', '116'),
('625859793', 'Bishop Skiles', 'm', '24', '19', '176'),
('627049357', 'Darrell Swaniawski', 'vfvsrk', '70', '9', '103'),
('628603822', 'Miss Easter Gottlieb', 'tqsjgmjzkr', '6', '20', '10'),
('628787275', 'Wilhelm Auer', 'kdluxxl', '13', '16', '32'),
('630388543', 'Hayward Thiel', 'svghgniq', '96', '6', '30'),
('633731110', 'Olof Howell DVM', 'bgiejasun', '32', '11', '65'),
('635576922', 'Tella Hilll', 'wxv', '95', '7', '180'),
('637934486', 'Buel Dibbert', 'sdj', '45', '6', '150'),
('639844402', 'Kaylee Cormier', 'gtbzzaaqgs', '86', '17', '45'),
('641327911', 'Ms  Lorrie Morissett', 'zij', '140', '3', '164'),
('645544931', 'Dr  Niki Cassin DVM', 't', '60', '22', '46'),
('645992625', 'Jessenia Armstrong', 'qjq', '70', '3', '162'),
('649035595', 'Ivor Corwin', 'bz', '84', '3', '194'),
('650647198', 'Bianca Mann DDS', 'jlhhnl', '65', '18', '69'),
('650772179', 'Ewin Moen', 'tygn', '142', '21', '61'),
('652118267', 'Taylor Leffler', 'dnsm', '86', '17', '67'),
('653121622', 'Venessa Steuber', 'jabbavurl', '148', '22', '126'),
('653126829', 'Alvaro Kertzmann', 'rwzewa', '7', '6', '179'),
('656674975', 'Mr  Cole Kemmer IV', 'tuvw', '83', '11', '134'),
('656915816', 'Dr  Christal Hilpert', 'l', '129', '9', '142'),
('660481966', 'Morgan Kuphal', 'lcmhq', '2', '14', '187'),
('660742382', 'Eben Kuhic', 'mxtylbej', '6', '0', '5'),
('661143147', 'Miriam Considine DVM', 'cbmw', '84', '13', '192'),
('661905930', 'Dr  Rodrick Runolfsd', 'tun', '41', '16', '3'),
('663328014', 'Mrs  Aubrey Stiedema', 'sxtbji', '26', '22', '57'),
('665102855', 'Magdalene Jenkins', 'okcjbkeh', '4', '17', '63'),
('671257543', 'Bernita Kuphal DDS', 'ancco', '141', '15', '150'),
('673750607', 'Baldwin Rowe', 'dparkwv', '4', '14', '86'),
('674103721', 'Miss Aili Dickinson ', 'dcgljfxyi', '43', '23', '94'),
('675118118', 'Shameka Russel', 'dbh', '30', '9', '18'),
('675829461', 'Ashlea Koss PhD', 'eudaf', '90', '10', '28'),
('677930247', 'Trinity Emmerich', 'lpvlnlgap', '114', '4', '137'),
('681081125', 'Ms  Kimberely Reinge', 'eexn', '62', '18', '23'),
('681093157', 'Josefa Leffler', 'rzgij', '77', '12', '38'),
('683786108', 'Mabell Turcotte', 'lg', '6', '18', '180'),
('687571414', 'Miss Pallie Rath DVM', 'xmvdl', '132', '23', '109'),
('689172662', 'Kendrick Abshire', 'tybgnynmfq', '34', '20', '161'),
('689975247', 'Pearl Brown', 'ixfqxitphi', '135', '11', '168'),
('690271441', 'Jadyn Gislason DDS', 'aino', '46', '19', '153'),
('692562884', 'Dr  Rusty Hamill', 'vifklumu', '56', '1', '174'),
('692670427', 'Demarcus Nolan', 'ak', '110', '2', '94'),
('695749657', 'Dr  Yahir Lueilwitz ', 'mawgl', '50', '13', '40'),
('701369263', 'Redmond Stark', 'mosdlrj', '144', '12', '129'),
('712467509', 'Kahlil Heidenreich', 'wcvyc', '37', '21', '161'),
('712741655', 'Adelbert Gulgowski', 'd', '14', '9', '186'),
('715568492', 'Miss Holly Hackett M', 'dbasqhs', '18', '7', '109'),
('718165611', 'Gisele Ondricka MD', 'k', '103', '15', '36'),
('720421435', 'Taylor Rau', 'tgrlizq', '97', '10', '61'),
('720667828', 'Shannen Turcotte', 'qf', '130', '14', '115'),
('721412869', 'Ms  Jane Schulist DD', 'ilrjdhvd', '79', '13', '98'),
('722265511', 'Jazmin Torp', 'vemwamwm', '36', '21', '122'),
('722280195', 'Layne Thompson', 'jsoksztumh', '119', '13', '122'),
('724813515', 'Shakira Baumbach', 'cz', '55', '6', '189'),
('726342349', 'Kyree Ziemann', 'yae', '52', '13', '19'),
('726650073', 'Mr  Alpheus Hauck DD', 'tlpctat', '112', '1', '166'),
('726850152', 'Salomon Nader', 'daepkavw', '21', '8', '38'),
('727149706', 'Mr  Rex Leannon', 'xlo', '32', '14', '165'),
('730055103', 'Lenon Konopelski', 'dpuo', '89', '12', '112'),
('732713768', 'Kacey Homenick', 'szifkjcc', '92', '4', '185'),
('733625836', 'Mrs  Monique Macejko', 'ptq', '86', '9', '8'),
('734486082', 'Charle Huels II', 'wufdal', '57', '15', '197'),
('738233623', 'Miss Fronie Nader MD', 'cvstgs', '144', '1', '173'),
('738514282', 'Ms  Lemma Hahn', 'vr', '92', '5', '73'),
('739793323', 'Wilhelm Rowe', 'nftynik', '7', '16', '173'),
('744268004', 'Tarah Bogan', 'yv', '78', '2', '170'),
('744293340', 'Ezra Lang', 'ljxaflnm', '131', '14', '190'),
('748643632', 'Hallie Bernier', 'hr', '109', '19', '85'),
('754333929', 'Miss Emeline Kuvalis', 'krjbqzriaq', '55', '6', '96'),
('756196485', 'Luella Turner', 'tnkad', '69', '7', '90'),
('756827704', 'Destry Terry MD', 'twf', '83', '22', '174'),
('759049392', 'Susann Lang', 'tbjjoksyy', '140', '18', '81'),
('760022839', 'Averi Rath', 'jabkspba', '22', '22', '29'),
('760355803', 'Dr  Levern Cummerata', 'i', '110', '23', '91'),
('762575349', 'Rae Schultz', 'd', '90', '2', '38'),
('763285780', 'Ms  Kaylee Trantow D', 'upffpp', '45', '14', '123'),
('770602541', 'Mr  Mykel Hirthe Sr ', 'fzug', '69', '21', '5'),
('772614036', 'Mr  Audley Grant', 'a', '110', '16', '145'),
('772958978', 'Ms  Texas Hyatt', 'r', '94', '11', '188'),
('773609523', 'Zackery Stroman IV', 'cqsokhhwp', '10', '22', '147'),
('774391539', 'Wayman Schaden MD', 'lrxvm', '10', '7', '8'),
('776029249', 'Lyman Gottlieb', 'ghrcjg', '92', '2', '124'),
('780553357', 'Carleen Johnson', 'lugdj', '90', '14', '49'),
('785563262', 'Falon Emmerich', 'bdb', '91', '3', '106'),
('788419334', 'Dr  Pinkey Dickens', 'rkvhvw', '32', '22', '15'),
('788614064', 'Mrs  Dale Mueller', 'vbuo', '108', '22', '37'),
('788736007', 'Waino Dooley Sr ', 'ned', '91', '5', '16'),
('788967976', 'Kem Wehner DVM', 'lvih', '42', '8', '161'),
('795194224', 'Carmen Wisozk', 'nupypajd', '27', '3', '138'),
('797562355', 'Dr  Franklin Kovacek', 'grlk', '30', '6', '16'),
('805525588', 'Ms  Alexa Morar', 'xnlkv', '15', '19', '23'),
('808342955', 'Dr  Shannon Swaniaws', 'ebioftpfd', '107', '13', '57'),
('808440993', 'Biddie Hickle', 'lf', '53', '11', '125'),
('808946607', 'Bernetta Ryan MD', 'dn', '38', '6', '81'),
('811875185', 'Harland Runolfsdotti', 'pki', '29', '3', '131'),
('812614124', 'Mr  Braxton Grant Ph', 'ihmeufqamv', '115', '19', '27'),
('813424758', 'Fern Kuhic PhD', 'oe', '98', '20', '197'),
('817225478', 'Glenwood Auer', 'zt', '0', '22', '53'),
('818682334', 'Vernon Reinger III', 'bd', '62', '18', '38'),
('819437773', 'Colter Hayes I', 'nomaf', '46', '15', '78'),
('821599128', 'Damion Schaefer', 'rzfdtm', '132', '11', '164'),
('822554468', 'Jaycob Wilkinson II', 'xddqco', '8', '0', '149'),
('822790538', 'Derrick Wiza', 'ro', '56', '22', '157'),
('823909776', 'Tea Wunsch', 'qvm', '26', '19', '23'),
('826366522', 'Hamilton Kohler', 'vtwrifna', '8', '7', '126'),
('827861668', 'Theron Gaylord', 'i', '32', '21', '189'),
('830487647', 'Autry Spinka', 'fyi', '43', '15', '24'),
('830519618', 'Justin Hagenes', 'pmwjitu', '57', '22', '114'),
('833258447', 'Prentiss Raynor', 'ppbdyrtqrh', '52', '0', '182'),
('835827713', 'Lura Turcotte', 'dpjfkyu', '106', '11', '48'),
('836939256', 'Bernardo Dickinson', 'zp', '144', '16', '81'),
('842306469', 'Sherilyn Mayert', 'kba', '131', '22', '151'),
('844663269', 'Kameron Ledner', 'z', '94', '10', '77'),
('846807871', 'Kalel Volkman', 'qbujcjse', '117', '19', '79'),
('847662327', 'Maverick Howell IV', 'miulewgv', '120', '7', '66'),
('848256068', 'Evan Kreiger', 'sub', '144', '2', '68'),
('850287025', 'January Von', 'ddtzzknw', '66', '8', '193'),
('850729158', 'Tanner Frami I', 'bfekbqy', '136', '13', '114'),
('853558035', 'Alana Sipes', 'ctlfjblec', '101', '16', '47'),
('856720589', 'Diamond Roberts', 'k', '127', '18', '95'),
('861191319', 'Torey Homenick', 'yimzvgibg', '89', '14', '123'),
('861490355', 'Ms  Lidie West', 'sjlol', '83', '0', '71'),
('863677012', 'Kameron Kuhlman DDS', 'fj', '72', '16', '130'),
('867211863', 'Jaylen Miller', 'hsc', '21', '22', '9'),
('868250164', 'Estefani Stanton', 'xfliw', '23', '12', '93'),
('870430133', 'Koby Hermann', 'fk', '116', '15', '28'),
('875327627', 'Mona Hansen', 'yabhg', '45', '5', '159'),
('875635475', 'Mr  Jim Stroman MD', 'tnc', '33', '11', '148'),
('876911703', 'Eldridge Lockman', 'jhu', '113', '21', '136'),
('878350864', 'Theta Franecki PhD', 'ivcwj', '87', '10', '39'),
('879825293', 'Reyes Trantow', 'sznoqpqq', '77', '20', '8'),
('883743662', 'Wally Lehner', 'jktdcaws', '130', '17', '33'),
('885510617', 'Rylan Rogahn', 'ryzbfgpb', '125', '4', '84'),
('888115634', 'Destiny Ward PhD', 'lqaau', '6', '1', '84'),
('889406067', 'Franklyn Heller', 'nymwgffrl', '55', '15', '103'),
('892929408', 'Ivory McGlynn', 'loykryncui', '30', '5', '190'),
('895895434', 'Dr  Taya Blanda', 'spkfgyxbwg', '102', '0', '25'),
('899770699', 'Ms  Chrissie Walter ', 'li', '17', '7', '166'),
('899898848', 'Rishi McDermott III', 'yv', '129', '11', '78'),
('904320277', 'Geno Oberbrunner', 'nhwukkgvtk', '112', '10', '57'),
('904577847', 'Preston McLaughlin', 'ywhoygimj', '131', '10', '110'),
('905588317', 'Alyvia Kovacek', 'wanmxu', '35', '5', '23'),
('905993830', 'Ansley Kiehn', 'gsw', '62', '3', '52'),
('906378809', 'Mr  Willaim Barton I', 'mapesoif', '37', '16', '5'),
('909050255', 'Dr  Pablo Hagenes DV', 'u', '136', '5', '166'),
('909592281', 'Mr  Cap Frami', 'qujswazrs', '78', '11', '3'),
('913218158', 'Mathew Tillman', 'hq', '15', '18', '182'),
('918173831', 'Mrs  Beverly Dach MD', 'hpdijstgqc', '26', '3', '193'),
('922346854', 'Vere Murazik', 'swkjzhl', '45', '22', '134'),
('922375133', 'Zenobia Murray', 'gtgrik', '95', '22', '56'),
('924799874', 'Hertha Ullrich', 'kbeohaa', '101', '6', '144'),
('926982199', 'Margarete McDermott', 'ibipxpglcu', '20', '22', '31'),
('927327056', 'Merlyn McCullough', 'fwozv', '49', '18', '134'),
('927598273', 'Trey Stoltenberg', 'zbuq', '141', '3', '93'),
('928666422', 'Mr  Michael Torphy', 'jj', '99', '11', '138'),
('932309016', 'Brigitte Berge', 'drvewq', '138', '3', '31'),
('932538979', 'Aiyanna Tremblay', 'phrhcq', '0', '3', '21'),
('933222566', 'Merwin Wolff', 'asrv', '53', '21', '130'),
('933839407', 'Rossie Reichert', 'ttonvd', '36', '7', '20'),
('935114166', 'Harrold McDermott V', 'fbqnxvuvgy', '17', '9', '133'),
('936080904', 'Miss Vannie Cummings', 'mtomn', '128', '13', '158'),
('936626616', 'Aura Anderson MD', 'urx', '124', '6', '79'),
('937071376', 'Inga Bergstrom', 'nsygxl', '40', '13', '17'),
('941784340', 'Miss Sanjuana Lynch ', 'mie', '135', '19', '135'),
('943958616', 'Shellie Hyatt', 'xb', '11', '11', '0'),
('944542155', 'Jaleesa Lebsack PhD', 'mpqvjve', '143', '23', '35'),
('948856508', 'Miss Amalia Bosco', 'zvlwvxzbjp', '87', '3', '141'),
('949541938', 'Ruel Hodkiewicz', 'zwpto', '56', '4', '195'),
('951241025', 'Oswaldo Kihn DVM', 'wtcp', '125', '20', '141'),
('952425424', 'Khiry Mayer', 'g', '28', '16', '0'),
('954064668', 'Lexie Collier II', 'j', '41', '3', '156'),
('955084707', 'Darrick Kuhlman', 't', '94', '1', '22'),
('955669949', 'Renada Mayer', 'xx', '95', '5', '194'),
('955930426', 'Mrs  Arietta Nolan', 'xs', '147', '13', '173'),
('956071305', 'Mrs  Carolee Rolfson', 'xzlmbbmlxd', '138', '18', '61'),
('956128114', 'Georgiann Gutkowski', 'qxcmkmdo', '63', '13', '28'),
('959146651', 'Dr  Barton Reichel', 'kf', '107', '22', '86'),
('959380762', 'Dr  Veva Crona', 'vhkn', '57', '22', '15'),
('959491479', 'Dr  Mistie Stark', 'kssylje', '92', '21', '64'),
('961441318', 'Dewitt Smith', 'jfbmsybldi', '117', '22', '170'),
('961544655', 'Dr  Arlena Considine', 'w', '149', '11', '135'),
('963731126', 'Stanley Koch', 'wdmjsloouj', '48', '2', '16'),
('964341322', 'Mr  Don Hoeger', 'gebrdnaki', '92', '7', '164'),
('966454271', 'Kayson McClure', 'iss', '86', '14', '12'),
('969426023', 'Sylvia Kihn', 'rmaenq', '77', '16', '105'),
('970165465', 'Ema Balistreri', 'zfxrglza', '21', '14', '189'),
('970907927', 'Dr  Orra Bailey', 'xw', '100', '17', '184'),
('971031770', 'Rogelio Larson', 'pxaap', '83', '2', '78'),
('971365009', 'Carlotta Waelchi', 'ob', '87', '9', '144'),
('971512537', 'Lidie Johnson', 'ppvbtacdo', '61', '9', '189'),
('977568634', 'Dennie Gorczany', 'xfhff', '147', '5', '193'),
('979295593', 'Ottis Conn III', 'nhc', '6', '17', '38'),
('980895694', 'Kenji Bechtelar', 'zk', '46', '2', '164'),
('981125486', 'Nayely Orn DDS', 'fldihfjty', '137', '1', '132'),
('985162185', 'Alisha Stroman', 'rzhbq', '15', '17', '195'),
('986638303', 'Delsie Bernhard', 'iggcabu', '58', '17', '174'),
('989573817', 'Ursula Beier', 'gzijmtutoe', '94', '20', '36'),
('990082595', 'Francies Simonis', 'koypvfgnbj', '123', '0', '109'),
('993605727', 'Hung Harvey', 'gnws', '59', '8', '175'),
('995747257', 'Lulla Schmeler', 'oiyowzriey', '1', '17', '21'),
('995843881', 'Gavin Spencer', 'h', '7', '5', '64'),
('998691839', 'Sunny Tillman', 'ejnkzvbg', '30', '11', '14'),
('999475994', 'Harden Sauer', 'do', '109', '16', '80'),
('999762781', 'Kyra Johnson', 'hfmh', '49', '18', '105');

CREATE TABLE `Cliente_Actividad` (
   `Cuit` decimal(10,0),
   `ID_Actividad` int(3)
) ENGINE=InnoDB DEFAULT CHARSET=utf8;

INSERT INTO `Cliente_Actividad` (`Cuit`, `ID_Actividad`) VALUES 
('325156403', '157'),
('979295593', '144'),
('748643632', '197'),
('297194330', '163'),
('118217848', '144'),
('69247182', '68'),
('251529371', '180'),
('498408554', '65'),
('449910100', '54'),
('956071305', '141'),
('415786128', '57'),
('610404180', '67'),
('971512537', '184'),
('776029249', '69'),
('899770699', '128'),
('536665015', '2'),
('756827704', '82'),
('738233623', '170'),
('497754869', '30'),
('671257543', '182'),
('822554468', '16'),
('762575349', '152'),
('490432231', '20'),
('744293340', '189'),
('150398234', '38'),
('927327056', '22'),
('517424478', '4'),
('582775343', '31'),
('286062404', '114'),
('545544327', '101'),
('606372703', '46'),
('673750607', '24'),
('404506106', '150'),
('536414772', '106'),
('889406067', '142'),
('217772683', '2'),
('562651634', '66'),
('363394789', '89'),
('300646815', '25'),
('318978936', '109'),
('721412869', '23'),
('528361339', '89'),
('933222566', '86'),
('396249218', '40'),
('28286017', '61'),
('542137769', '4'),
('620911848', '132'),
('329584559', '174'),
('465199851', '76'),
('630388543', '162'),
('904320277', '9'),
('592782202', '28'),
('661905930', '161'),
('760355803', '22'),
('933839407', '170'),
('565072847', '116'),
('808342955', '187'),
('812614124', '138'),
('883743662', '12'),
('772614036', '81'),
('531530167', '177'),
('391910119', '175'),
('970165465', '15'),
('995843881', '36'),
('557118724', '81'),
('113523841', '85'),
('457461304', '147'),
('298075925', '148'),
('149217046', '82'),
('557572796', '95'),
('498297058', '132'),
('463128446', '176'),
('258715515', '127'),
('971031770', '92'),
('726342349', '176'),
('586622958', '15'),
('203024216', '92'),
('61280868', '57'),
('674103721', '71'),
('536174572', '182'),
('335903903', '149'),
('475423332', '56'),
('653126829', '18'),
('428765655', '132'),
('715568492', '47'),
('602560313', '164'),
('888115634', '38'),
('780553357', '39'),
('444029367', '171'),
('989573817', '134'),
('40885612', '135'),
('952425424', '137'),
('304239807', '3'),
('428405940', '172'),
('722265511', '144'),
('905993830', '115'),
('465912846', '1'),
('320923925', '66'),
('426986788', '64'),
('879825293', '138'),
('97811295', '65'),
('29351045', '45'),
('339266646', '113'),
('941784340', '147'),
('481440607', '110'),
('376516063', '23'),
('166624019', '170'),
('660742382', '90'),
('963731126', '193'),
('286991818', '163'),
('384447087', '164'),
('819437773', '174'),
('689172662', '8'),
('955930426', '71'),
('242324823', '189'),
('426410273', '192'),
('586874648', '78'),
('817225478', '5'),
('537556422', '14'),
('899898848', '16'),
('281952523', '42'),
('102289559', '15'),
('45407579', '156'),
('216969742', '17'),
('540036864', '71'),
('797562355', '52'),
('805525588', '138'),
('425852623', '175'),
('483933275', '28'),
('180935908', '33'),
('158434320', '187'),
('995747257', '30'),
('616149252', '185'),
('951241025', '28'),
('59915956', '93'),
('275484481', '91'),
('89406923', '168'),
('759049392', '162'),
('177367560', '86'),
('726650073', '64'),
('150780721', '64'),
('937071376', '168'),
('106034396', '147'),
('365650570', '180'),
('308876663', '91'),
('760022839', '30'),
('936080904', '114'),
('830487647', '137'),
('175195429', '174'),
('773609523', '198'),
('738514282', '131'),
('295692952', '173'),
('635576922', '170'),
('487396309', '10'),
('557550907', '189'),
('193441750', '55'),
('533199199', '14'),
('496058157', '145'),
('280138994', '162'),
('273320527', '58'),
('818682334', '46'),
('821599128', '153'),
('120870979', '150'),
('842306469', '28'),
('423358998', '168'),
('340328149', '10'),
('875327627', '16'),
('722280195', '171'),
('600043557', '68'),
('448060256', '29'),
('833258447', '53'),
('146095262', '118'),
('511745179', '69'),
('532062566', '127'),
('474932297', '88'),
('30027747', '176'),
('291222080', '154'),
('397065116', '174'),
('176354657', '18'),
('188263917', '88'),
('29984952', '3'),
('178960298', '15'),
('345422137', '42'),
('932309016', '189'),
('129560270', '19'),
('230619949', '189'),
('909050255', '119'),
('139484379', '174'),
('51284698', '100'),
('345836838', '48'),
('5925214', '157'),
('732713768', '25'),
('878350864', '128'),
('763285780', '166'),
('254102328', '89'),
('278577547', '127'),
('559401421', '15'),
('924799874', '107'),
('875635475', '89'),
('660481966', '15'),
('661143147', '141'),
('246597787', '162'),
('192282056', '95'),
('955084707', '28'),
('870430133', '119'),
('200299465', '125'),
('371307903', '189'),
('322551479', '191'),
('127013229', '147'),
('633731110', '139'),
('788419334', '73'),
('135853320', '65'),
('637934486', '59'),
('18431385', '35'),
('520666083', '80'),
('774391539', '78'),
('867211863', '175'),
('850287025', '23'),
('892929408', '190'),
('168607075', '21'),
('687571414', '174'),
('608259881', '16'),
('132389430', '109'),
('210568322', '172'),
('47910926', '92'),
('981125486', '4'),
('846807871', '23'),
('504088769', '192'),
('681093157', '182'),
('7684966', '98'),
('926982199', '122'),
('396640173', '95'),
('415194430', '25'),
('628787275', '112'),
('432580802', '175'),
('944542155', '165'),
('544852794', '95'),
('139578611', '133'),
('999475994', '161'),
('27930218', '66'),
('639844402', '126'),
('250282316', '101'),
('616940110', '112'),
('955669949', '64'),
('504336264', '3'),
('390908000', '15'),
('961544655', '42'),
('922375133', '10'),
('184836767', '150'),
('212244107', '76'),
('264786544', '85'),
('142233532', '3'),
('157252028', '189'),
('726850152', '176'),
('649035595', '153'),
('977568634', '66'),
('730055103', '189'),
('246007110', '130'),
('628603822', '17'),
('144189483', '150'),
('314305253', '110'),
('985162185', '85'),
('538045198', '182'),
('665102855', '10'),
('64284515', '162'),
('835827713', '78'),
('470649643', '79'),
('286358283', '81'),
('452090137', '144'),
('822790538', '44'),
('770602541', '103'),
('863677012', '171'),
('150147722', '128'),
('909592281', '95'),
('458902755', '112'),
('15360503', '151'),
('959491479', '66'),
('425929329', '0'),
('163442710', '55'),
('18034577', '6'),
('329993481', '4'),
('579621885', '186'),
('943958616', '85'),
('167848250', '130'),
('74722391', '185'),
('927598273', '72'),
('458421145', '174'),
('415267281', '126'),
('808440993', '71'),
('695749657', '32'),
('558347611', '176'),
('844663269', '79'),
('788967976', '31'),
('577963114', '175'),
('959380762', '170'),
('922346854', '182'),
('322095151', '197'),
('980895694', '189'),
('576579050', '8'),
('204230087', '195'),
('876911703', '49'),
('77203792', '71'),
('861191319', '135'),
('969426023', '78'),
('369505572', '7'),
('265090772', '82'),
('146782573', '36'),
('202867915', '14'),
('993605727', '115'),
('913218158', '149'),
('744268004', '126'),
('417067347', '118'),
('653121622', '137'),
('180924807', '95'),
('538847811', '165'),
('848256068', '28'),
('396487944', '109'),
('412850121', '74'),
('966454271', '0'),
('335419772', '199'),
('150476637', '32'),
('45251637', '82'),
('570081033', '133'),
('350153730', '182'),
('772958978', '173'),
('756196485', '76'),
('544216375', '125'),
('443988164', '123'),
('510832095', '1'),
('118968896', '123'),
('499762751', '173'),
('788736007', '13'),
('827861668', '38'),
('462868104', '134'),
('986638303', '3'),
('24683363', '32'),
('739793323', '180'),
('117472651', '25'),
('935114166', '42'),
('948856508', '7'),
('407050318', '125'),
('331007694', '35'),
('569255435', '101'),
('690271441', '134'),
('675118118', '38'),
('194648870', '7'),
('286602833', '20'),
('175877714', '119'),
('286223165', '195'),
('701369263', '123'),
('64095417', '78'),
('616884476', '21'),
('88952492', '101'),
('543487696', '135'),
('467807507', '49'),
('310492432', '56'),
('949541938', '15'),
('147248835', '190'),
('998691839', '86'),
('24735431', '144'),
('868250164', '128'),
('552766641', '28'),
('681081125', '112'),
('112774326', '168'),
('565709675', '159'),
('202336517', '147'),
('75145526', '94'),
('179117530', '24'),
('811875185', '130'),
('304041169', '153'),
('918173831', '147'),
('656915816', '89'),
('460783049', '18'),
('677930247', '37'),
('652118267', '149'),
('120485773', '127'),
('675829461', '30'),
('65908536', '148'),
('650772179', '110'),
('55546231', '95'),
('266050545', '85'),
('847662327', '123'),
('198518847', '195'),
('895895434', '25'),
('327750678', '192'),
('971365009', '139'),
('429789493', '147'),
('362093628', '40'),
('625859793', '39'),
('720421435', '136'),
('518488570', '15'),
('552238866', '79'),
('650647198', '131'),
('959146651', '38'),
('990082595', '191'),
('689975247', '199'),
('850729158', '67'),
('836939256', '141'),
('525601848', '126'),
('588258349', '128'),
('663328014', '159'),
('103857293', '197'),
('507544595', '150'),
('856720589', '161'),
('964341322', '32'),
('127252323', '65'),
('527479034', '189'),
('379429180', '69'),
('537270169', '44'),
('904577847', '38'),
('463331304', '18'),
('928666422', '198'),
('558862778', '101'),
('111936489', '141'),
('81842291', '30'),
('641327911', '144'),
('826366522', '38'),
('533468968', '76'),
('340529959', '18'),
('788614064', '18'),
('502826241', '89'),
('42833753', '38'),
('438601118', '163'),
('21713500', '36'),
('656674975', '135'),
('75346634', '170'),
('905588317', '161'),
('218590797', '13'),
('936626616', '0'),
('139954299', '32'),
('727149706', '25'),
('14436485', '84'),
('961441318', '118'),
('712741655', '106'),
('273806743', '119'),
('242411488', '73'),
('616317509', '112'),
('112312346', '192'),
('853558035', '61'),
('645992625', '170'),
('152662000', '137'),
('861490355', '143'),
('625030820', '165'),
('627049357', '179'),
('795194224', '16'),
('180870992', '42'),
('166215977', '162'),
('315080592', '22'),
('692670427', '23'),
('624468610', '98'),
('999762781', '77'),
('970907927', '61'),
('528309842', '23'),
('526831857', '80'),
('308614967', '118'),
('906378809', '19'),
('645544931', '23'),
('885510617', '26'),
('128615773', '182'),
('529502490', '192'),
('281858213', '157'),
('595254253', '176'),
('734486082', '50'),
('506570627', '2'),
('245787256', '152'),
('532630461', '22'),
('28429494', '173'),
('733625836', '33'),
('954064668', '15'),
('590724039', '4'),
('720667828', '7'),
('105742809', '93'),
('683786108', '163'),
('754333929', '125'),
('823909776', '116'),
('255902675', '191'),
('712467509', '122'),
('49315520', '53'),
('111249155', '170'),
('808946607', '44'),
('104919690', '59'),
('785563262', '174'),
('36441370', '114'),
('197813366', '3'),
('480523157', '115'),
('34049107', '4'),
('88191553', '119'),
('330323699', '161'),
('830519618', '23'),
('718165611', '99'),
('692562884', '10'),
('178961218', '107'),
('108909917', '124'),
('813424758', '192'),
('221864988', '3'),
('724813515', '119'),
('326322769', '25'),
('956128114', '193'),
('89446547', '85'),
('932538979', '149');

CREATE TABLE `Cliente_Ciudad` (
   `Cuit` decimal(10,0),
   `ID_Ciudad` int(3)
) ENGINE=InnoDB DEFAULT CHARSET=utf8;

INSERT INTO `Cliente_Ciudad` (`Cuit`, `ID_Ciudad`) VALUES 
('325156403', '18'),
('979295593', '6'),
('748643632', '109'),
('297194330', '92'),
('118217848', '11'),
('69247182', '106'),
('251529371', '101'),
('498408554', '23'),
('449910100', '137'),
('956071305', '138'),
('415786128', '117'),
('610404180', '97'),
('971512537', '61'),
('776029249', '92'),
('899770699', '17'),
('536665015', '47'),
('756827704', '83'),
('738233623', '144'),
('497754869', '64'),
('671257543', '141'),
('822554468', '8'),
('762575349', '90'),
('490432231', '61'),
('744293340', '131'),
('150398234', '33'),
('927327056', '49'),
('517424478', '46'),
('582775343', '98'),
('286062404', '144'),
('545544327', '31'),
('606372703', '123'),
('673750607', '4'),
('404506106', '35'),
('536414772', '59'),
('889406067', '55'),
('217772683', '50'),
('562651634', '89'),
('363394789', '125'),
('300646815', '108'),
('318978936', '80'),
('721412869', '79'),
('528361339', '63'),
('933222566', '53'),
('396249218', '143'),
('28286017', '80'),
('542137769', '125'),
('620911848', '6'),
('329584559', '95'),
('465199851', '42'),
('630388543', '96'),
('904320277', '112'),
('592782202', '87'),
('661905930', '41'),
('760355803', '110'),
('933839407', '36'),
('565072847', '31'),
('808342955', '107'),
('812614124', '115'),
('883743662', '130'),
('772614036', '110'),
('531530167', '143'),
('391910119', '37'),
('970165465', '21'),
('995843881', '7'),
('557118724', '49'),
('113523841', '49'),
('457461304', '111'),
('298075925', '144'),
('149217046', '128'),
('557572796', '81'),
('498297058', '85'),
('463128446', '41'),
('258715515', '102'),
('971031770', '83'),
('726342349', '52'),
('586622958', '8'),
('203024216', '34'),
('61280868', '46'),
('674103721', '43'),
('536174572', '2'),
('335903903', '123'),
('475423332', '8'),
('653126829', '7'),
('428765655', '99'),
('715568492', '18'),
('602560313', '47'),
('888115634', '6'),
('780553357', '90'),
('444029367', '1'),
('989573817', '94'),
('40885612', '118'),
('952425424', '28'),
('304239807', '92'),
('428405940', '113'),
('722265511', '36'),
('905993830', '62'),
('465912846', '58'),
('320923925', '120'),
('426986788', '44'),
('879825293', '77'),
('97811295', '21'),
('29351045', '116'),
('339266646', '122'),
('941784340', '135'),
('481440607', '15'),
('376516063', '33'),
('166624019', '117'),
('660742382', '6'),
('963731126', '48'),
('286991818', '64'),
('384447087', '90'),
('819437773', '46'),
('689172662', '34'),
('955930426', '147'),
('242324823', '86'),
('426410273', '58'),
('586874648', '127'),
('817225478', '0'),
('537556422', '64'),
('899898848', '129'),
('281952523', '128'),
('102289559', '34'),
('45407579', '143'),
('216969742', '134'),
('540036864', '39'),
('797562355', '30'),
('805525588', '15'),
('425852623', '137'),
('483933275', '19'),
('180935908', '138'),
('158434320', '39'),
('995747257', '1'),
('616149252', '89'),
('951241025', '125'),
('59915956', '122'),
('275484481', '32'),
('89406923', '133'),
('759049392', '140'),
('177367560', '20'),
('726650073', '112'),
('150780721', '19'),
('937071376', '40'),
('106034396', '96'),
('365650570', '122'),
('308876663', '87'),
('760022839', '22'),
('936080904', '128'),
('830487647', '43'),
('175195429', '118'),
('773609523', '10'),
('738514282', '92'),
('295692952', '94'),
('635576922', '95'),
('487396309', '127'),
('557550907', '63'),
('193441750', '45'),
('533199199', '67'),
('496058157', '55'),
('280138994', '49'),
('273320527', '110'),
('818682334', '62'),
('821599128', '132'),
('120870979', '57'),
('842306469', '131'),
('423358998', '17'),
('340328149', '139'),
('875327627', '45'),
('722280195', '119'),
('600043557', '60'),
('448060256', '122'),
('833258447', '52'),
('146095262', '138'),
('511745179', '68'),
('532062566', '92'),
('474932297', '58'),
('30027747', '0'),
('291222080', '49'),
('397065116', '132'),
('176354657', '56'),
('188263917', '112'),
('29984952', '13'),
('178960298', '45'),
('345422137', '78'),
('932309016', '138'),
('129560270', '117'),
('230619949', '14'),
('909050255', '136'),
('139484379', '12'),
('51284698', '126'),
('345836838', '11'),
('5925214', '43'),
('732713768', '92'),
('878350864', '87'),
('763285780', '45'),
('254102328', '144'),
('278577547', '46'),
('559401421', '96'),
('924799874', '101'),
('875635475', '33'),
('660481966', '2'),
('661143147', '84'),
('246597787', '87'),
('192282056', '31'),
('955084707', '94'),
('870430133', '116'),
('200299465', '131'),
('371307903', '1'),
('322551479', '101'),
('127013229', '8'),
('633731110', '32'),
('788419334', '32'),
('135853320', '68'),
('637934486', '45'),
('18431385', '61'),
('520666083', '109'),
('774391539', '10'),
('867211863', '21'),
('850287025', '66'),
('892929408', '30'),
('168607075', '7'),
('687571414', '132'),
('608259881', '54'),
('132389430', '7'),
('210568322', '125'),
('47910926', '45'),
('981125486', '137'),
('846807871', '117'),
('504088769', '69'),
('681093157', '77'),
('7684966', '113'),
('926982199', '20'),
('396640173', '129'),
('415194430', '108'),
('628787275', '13'),
('432580802', '50'),
('944542155', '143'),
('544852794', '31'),
('139578611', '76'),
('999475994', '109'),
('27930218', '147'),
('639844402', '86'),
('250282316', '73'),
('616940110', '78'),
('955669949', '95'),
('504336264', '113'),
('390908000', '37'),
('961544655', '149'),
('922375133', '95'),
('184836767', '98'),
('212244107', '24'),
('264786544', '4'),
('142233532', '66'),
('157252028', '20'),
('726850152', '21'),
('649035595', '84'),
('977568634', '147'),
('730055103', '89'),
('246007110', '48'),
('628603822', '6'),
('144189483', '59'),
('314305253', '70'),
('985162185', '15'),
('538045198', '74'),
('665102855', '4'),
('64284515', '10'),
('835827713', '106'),
('470649643', '146'),
('286358283', '136'),
('452090137', '53'),
('822790538', '56'),
('770602541', '69'),
('863677012', '72'),
('150147722', '83'),
('909592281', '78'),
('458902755', '17'),
('15360503', '103'),
('959491479', '92'),
('425929329', '131'),
('163442710', '122'),
('18034577', '7'),
('329993481', '13'),
('579621885', '8'),
('943958616', '11'),
('167848250', '76'),
('74722391', '113'),
('927598273', '141'),
('458421145', '105'),
('415267281', '70'),
('808440993', '53'),
('695749657', '50'),
('558347611', '123'),
('844663269', '94'),
('788967976', '42'),
('577963114', '131'),
('959380762', '57'),
('922346854', '45'),
('322095151', '32'),
('980895694', '46'),
('576579050', '131'),
('204230087', '91'),
('876911703', '113'),
('77203792', '80'),
('861191319', '89'),
('969426023', '77'),
('369505572', '40'),
('265090772', '82'),
('146782573', '12'),
('202867915', '75'),
('993605727', '59'),
('913218158', '15'),
('744268004', '78'),
('417067347', '139'),
('653121622', '148'),
('180924807', '117'),
('538847811', '60'),
('848256068', '144'),
('396487944', '27'),
('412850121', '76'),
('966454271', '86'),
('335419772', '107'),
('150476637', '75'),
('45251637', '45'),
('570081033', '90'),
('350153730', '65'),
('772958978', '94'),
('756196485', '69'),
('544216375', '84'),
('443988164', '61'),
('510832095', '126'),
('118968896', '121'),
('499762751', '58'),
('788736007', '91'),
('827861668', '32'),
('462868104', '136'),
('986638303', '58'),
('24683363', '16'),
('739793323', '7'),
('117472651', '125'),
('935114166', '17'),
('948856508', '87'),
('407050318', '54'),
('331007694', '129'),
('569255435', '100'),
('690271441', '46'),
('675118118', '30'),
('194648870', '47'),
('286602833', '16'),
('175877714', '136'),
('286223165', '11'),
('701369263', '144'),
('64095417', '68'),
('616884476', '20'),
('88952492', '34'),
('543487696', '86'),
('467807507', '133'),
('310492432', '73'),
('949541938', '56'),
('147248835', '123'),
('998691839', '30'),
('24735431', '24'),
('868250164', '23'),
('552766641', '82'),
('681081125', '62'),
('112774326', '19'),
('565709675', '80'),
('202336517', '141'),
('75145526', '36'),
('179117530', '134'),
('811875185', '29'),
('304041169', '116'),
('918173831', '26'),
('656915816', '129'),
('460783049', '80'),
('677930247', '114'),
('652118267', '86'),
('120485773', '81'),
('675829461', '90'),
('65908536', '55'),
('650772179', '142'),
('55546231', '90'),
('266050545', '75'),
('847662327', '120'),
('198518847', '53'),
('895895434', '102'),
('327750678', '88'),
('971365009', '87'),
('429789493', '41'),
('362093628', '36'),
('625859793', '24'),
('720421435', '97'),
('518488570', '134'),
('552238866', '74'),
('650647198', '65'),
('959146651', '107'),
('990082595', '123'),
('689975247', '135'),
('850729158', '136'),
('836939256', '144'),
('525601848', '26'),
('588258349', '123'),
('663328014', '26'),
('103857293', '120'),
('507544595', '77'),
('856720589', '127'),
('964341322', '92'),
('127252323', '127'),
('527479034', '30'),
('379429180', '34'),
('537270169', '48'),
('904577847', '131'),
('463331304', '149'),
('928666422', '99'),
('558862778', '35'),
('111936489', '69'),
('81842291', '136'),
('641327911', '140'),
('826366522', '8'),
('533468968', '110'),
('340529959', '46'),
('788614064', '108'),
('502826241', '100'),
('42833753', '14'),
('438601118', '131'),
('21713500', '76'),
('656674975', '83'),
('75346634', '145'),
('905588317', '35'),
('218590797', '72'),
('936626616', '124'),
('139954299', '57'),
('727149706', '32'),
('14436485', '88'),
('961441318', '117'),
('712741655', '14'),
('273806743', '86'),
('242411488', '62'),
('616317509', '118'),
('112312346', '89'),
('853558035', '101'),
('645992625', '70'),
('152662000', '64'),
('861490355', '83'),
('625030820', '124'),
('627049357', '70'),
('795194224', '27'),
('180870992', '80'),
('166215977', '3'),
('315080592', '73'),
('692670427', '110'),
('624468610', '112'),
('999762781', '49'),
('970907927', '100'),
('528309842', '80'),
('526831857', '124'),
('308614967', '88'),
('906378809', '37'),
('645544931', '60'),
('885510617', '125'),
('128615773', '66'),
('529502490', '140'),
('281858213', '35'),
('595254253', '112'),
('734486082', '57'),
('506570627', '48'),
('245787256', '119'),
('532630461', '136'),
('28429494', '3'),
('733625836', '86'),
('954064668', '41'),
('590724039', '102'),
('720667828', '130'),
('105742809', '134'),
('683786108', '6'),
('754333929', '55'),
('823909776', '26'),
('255902675', '55'),
('712467509', '37'),
('49315520', '89'),
('111249155', '132'),
('808946607', '38'),
('104919690', '30'),
('785563262', '91'),
('36441370', '71'),
('197813366', '55'),
('480523157', '111'),
('34049107', '48'),
('88191553', '58'),
('330323699', '139'),
('830519618', '57'),
('718165611', '103'),
('692562884', '56'),
('178961218', '83'),
('108909917', '120'),
('813424758', '98'),
('221864988', '81'),
('724813515', '55'),
('326322769', '99'),
('956128114', '63'),
('89446547', '75'),
('932538979', '0');

CREATE TABLE `Cliente_Comunicaciones` (
   `Cuit` decimal(10,0),
   `ID_Comunicacion` int(3)
) ENGINE=InnoDB DEFAULT CHARSET=utf8;

INSERT INTO `Cliente_Comunicaciones` (`Cuit`, `ID_Comunicacion`) VALUES 
('325156403', '0'),
('979295593', '1'),
('748643632', '2'),
('297194330', '3'),
('118217848', '4'),
('69247182', '5'),
('251529371', '6'),
('498408554', '7'),
('449910100', '8'),
('956071305', '9'),
('415786128', '10'),
('610404180', '11'),
('971512537', '12'),
('776029249', '13'),
('899770699', '14'),
('536665015', '15'),
('756827704', '16'),
('738233623', '17'),
('497754869', '18'),
('671257543', '19'),
('822554468', '20'),
('762575349', '21'),
('490432231', '22'),
('744293340', '23'),
('150398234', '24'),
('927327056', '25'),
('517424478', '26'),
('582775343', '27'),
('286062404', '28'),
('545544327', '29'),
('606372703', '30'),
('673750607', '31'),
('404506106', '32'),
('536414772', '33'),
('889406067', '34'),
('217772683', '35'),
('562651634', '36'),
('363394789', '37'),
('300646815', '38'),
('318978936', '39'),
('721412869', '40'),
('528361339', '41'),
('933222566', '42'),
('396249218', '43'),
('28286017', '44'),
('542137769', '45'),
('620911848', '46'),
('329584559', '47'),
('465199851', '48'),
('630388543', '49'),
('904320277', '50'),
('592782202', '51'),
('661905930', '52'),
('760355803', '53'),
('933839407', '54'),
('565072847', '55'),
('808342955', '56'),
('812614124', '57'),
('883743662', '58'),
('772614036', '59'),
('531530167', '60'),
('391910119', '61'),
('970165465', '62'),
('995843881', '63'),
('557118724', '64'),
('113523841', '65'),
('457461304', '66'),
('298075925', '67'),
('149217046', '68'),
('557572796', '69'),
('498297058', '70'),
('463128446', '71'),
('258715515', '72'),
('971031770', '73'),
('726342349', '74'),
('586622958', '75'),
('203024216', '76'),
('61280868', '77'),
('674103721', '78'),
('536174572', '79'),
('335903903', '80'),
('475423332', '81'),
('653126829', '82'),
('428765655', '83'),
('715568492', '84'),
('602560313', '85'),
('888115634', '86'),
('780553357', '87'),
('444029367', '88'),
('989573817', '89'),
('40885612', '90'),
('952425424', '91'),
('304239807', '92'),
('428405940', '93'),
('722265511', '94'),
('905993830', '95'),
('465912846', '96'),
('320923925', '97'),
('426986788', '98'),
('879825293', '99'),
('97811295', '100'),
('29351045', '101'),
('339266646', '102'),
('941784340', '103'),
('481440607', '104'),
('376516063', '105'),
('166624019', '106'),
('660742382', '107'),
('963731126', '108'),
('286991818', '109'),
('384447087', '110'),
('819437773', '111'),
('689172662', '112'),
('955930426', '113'),
('242324823', '114'),
('426410273', '115'),
('586874648', '116'),
('817225478', '117'),
('537556422', '118'),
('899898848', '119'),
('281952523', '120'),
('102289559', '121'),
('45407579', '122'),
('216969742', '123'),
('540036864', '124'),
('797562355', '125'),
('805525588', '126'),
('425852623', '127'),
('483933275', '128'),
('180935908', '129'),
('158434320', '130'),
('995747257', '131'),
('616149252', '132'),
('951241025', '133'),
('59915956', '134'),
('275484481', '135'),
('89406923', '136'),
('759049392', '137'),
('177367560', '138'),
('726650073', '139'),
('150780721', '140'),
('937071376', '141'),
('106034396', '142'),
('365650570', '143'),
('308876663', '144'),
('760022839', '145'),
('936080904', '146'),
('830487647', '147'),
('175195429', '148'),
('773609523', '149'),
('738514282', '150'),
('295692952', '151'),
('635576922', '152'),
('487396309', '153'),
('557550907', '154'),
('193441750', '155'),
('533199199', '156'),
('496058157', '157'),
('280138994', '158'),
('273320527', '159'),
('818682334', '160'),
('821599128', '161'),
('120870979', '162'),
('842306469', '163'),
('423358998', '164'),
('340328149', '165'),
('875327627', '166'),
('722280195', '167'),
('600043557', '168'),
('448060256', '169'),
('833258447', '170'),
('146095262', '171'),
('511745179', '172'),
('532062566', '173'),
('474932297', '174'),
('30027747', '175'),
('291222080', '176'),
('397065116', '177'),
('176354657', '178'),
('188263917', '179'),
('29984952', '180'),
('178960298', '181'),
('345422137', '182'),
('932309016', '183'),
('129560270', '184'),
('230619949', '185'),
('909050255', '186'),
('139484379', '187'),
('51284698', '188'),
('345836838', '189'),
('5925214', '190'),
('732713768', '191'),
('878350864', '192'),
('763285780', '193'),
('254102328', '194'),
('278577547', '195'),
('559401421', '196'),
('924799874', '197'),
('875635475', '198'),
('660481966', '199'),
('661143147', '200'),
('246597787', '201'),
('192282056', '202'),
('955084707', '203'),
('870430133', '204'),
('200299465', '205'),
('371307903', '206'),
('322551479', '207'),
('127013229', '208'),
('633731110', '209'),
('788419334', '210'),
('135853320', '211'),
('637934486', '212'),
('18431385', '213'),
('520666083', '214'),
('774391539', '215'),
('867211863', '216'),
('850287025', '217'),
('892929408', '218'),
('168607075', '219'),
('687571414', '220'),
('608259881', '221'),
('132389430', '222'),
('210568322', '223'),
('47910926', '224'),
('981125486', '225'),
('846807871', '226'),
('504088769', '227'),
('681093157', '228'),
('7684966', '229'),
('926982199', '230'),
('396640173', '231'),
('415194430', '232'),
('628787275', '233'),
('432580802', '234'),
('944542155', '235'),
('544852794', '236'),
('139578611', '237'),
('999475994', '238'),
('27930218', '239'),
('639844402', '240'),
('250282316', '241'),
('616940110', '242'),
('955669949', '243'),
('504336264', '244'),
('390908000', '245'),
('961544655', '246'),
('922375133', '247'),
('184836767', '248'),
('212244107', '249'),
('264786544', '250'),
('142233532', '251'),
('157252028', '252'),
('726850152', '253'),
('649035595', '254'),
('977568634', '255'),
('730055103', '256'),
('246007110', '257'),
('628603822', '258'),
('144189483', '259'),
('314305253', '260'),
('985162185', '261'),
('538045198', '262'),
('665102855', '263'),
('64284515', '264'),
('835827713', '265'),
('470649643', '266'),
('286358283', '267'),
('452090137', '268'),
('822790538', '269'),
('770602541', '270'),
('863677012', '271'),
('150147722', '272'),
('909592281', '273'),
('458902755', '274'),
('15360503', '275'),
('959491479', '276'),
('425929329', '277'),
('163442710', '278'),
('18034577', '279'),
('329993481', '280'),
('579621885', '281'),
('943958616', '282'),
('167848250', '283'),
('74722391', '284'),
('927598273', '285'),
('458421145', '286'),
('415267281', '287'),
('808440993', '288'),
('695749657', '289'),
('558347611', '290'),
('844663269', '291'),
('788967976', '292'),
('577963114', '293'),
('959380762', '294'),
('922346854', '295'),
('322095151', '296'),
('980895694', '297'),
('576579050', '298'),
('204230087', '299'),
('876911703', '300'),
('77203792', '301'),
('861191319', '302'),
('969426023', '303'),
('369505572', '304'),
('265090772', '305'),
('146782573', '306'),
('202867915', '307'),
('993605727', '308'),
('913218158', '309'),
('744268004', '310'),
('417067347', '311'),
('653121622', '312'),
('180924807', '313'),
('538847811', '314'),
('848256068', '315'),
('396487944', '316'),
('412850121', '317'),
('966454271', '318'),
('335419772', '319'),
('150476637', '320'),
('45251637', '321'),
('570081033', '322'),
('350153730', '323'),
('772958978', '324'),
('756196485', '325'),
('544216375', '326'),
('443988164', '327'),
('510832095', '328'),
('118968896', '329'),
('499762751', '330'),
('788736007', '331'),
('827861668', '332'),
('462868104', '333'),
('986638303', '334'),
('24683363', '335'),
('739793323', '336'),
('117472651', '337'),
('935114166', '338'),
('948856508', '339'),
('407050318', '340'),
('331007694', '341'),
('569255435', '342'),
('690271441', '343'),
('675118118', '344'),
('194648870', '345'),
('286602833', '346'),
('175877714', '347'),
('286223165', '348'),
('701369263', '349'),
('64095417', '350'),
('616884476', '351'),
('88952492', '352'),
('543487696', '353'),
('467807507', '354'),
('310492432', '355'),
('949541938', '356'),
('147248835', '357'),
('998691839', '358'),
('24735431', '359'),
('868250164', '360'),
('552766641', '361'),
('681081125', '362'),
('112774326', '363'),
('565709675', '364'),
('202336517', '365'),
('75145526', '366'),
('179117530', '367'),
('811875185', '368'),
('304041169', '369'),
('918173831', '370'),
('656915816', '371'),
('460783049', '372'),
('677930247', '373'),
('652118267', '374'),
('120485773', '375'),
('675829461', '376'),
('65908536', '377'),
('650772179', '378'),
('55546231', '379'),
('266050545', '380'),
('847662327', '381'),
('198518847', '382'),
('895895434', '383'),
('327750678', '384'),
('971365009', '385'),
('429789493', '386'),
('362093628', '387'),
('625859793', '388'),
('720421435', '389'),
('518488570', '390'),
('552238866', '391'),
('650647198', '392'),
('959146651', '393'),
('990082595', '394'),
('689975247', '395'),
('850729158', '396'),
('836939256', '397'),
('525601848', '398'),
('588258349', '399'),
('663328014', '400'),
('103857293', '401'),
('507544595', '402'),
('856720589', '403'),
('964341322', '404'),
('127252323', '405'),
('527479034', '406'),
('379429180', '407'),
('537270169', '408'),
('904577847', '409'),
('463331304', '410'),
('928666422', '411'),
('558862778', '412'),
('111936489', '413'),
('81842291', '414'),
('641327911', '415'),
('826366522', '416'),
('533468968', '417'),
('340529959', '418'),
('788614064', '419'),
('502826241', '420'),
('42833753', '421'),
('438601118', '422'),
('21713500', '423'),
('656674975', '424'),
('75346634', '425'),
('905588317', '426'),
('218590797', '427'),
('936626616', '428'),
('139954299', '429'),
('727149706', '430'),
('14436485', '431'),
('961441318', '432'),
('712741655', '433'),
('273806743', '434'),
('242411488', '435'),
('616317509', '436'),
('112312346', '437'),
('853558035', '438'),
('645992625', '439'),
('152662000', '440'),
('861490355', '441'),
('625030820', '442'),
('627049357', '443'),
('795194224', '444'),
('180870992', '445'),
('166215977', '446'),
('315080592', '447'),
('692670427', '448'),
('624468610', '449'),
('999762781', '450'),
('970907927', '451'),
('528309842', '452'),
('526831857', '453'),
('308614967', '454'),
('906378809', '455'),
('645544931', '456'),
('885510617', '457'),
('128615773', '458'),
('529502490', '459'),
('281858213', '460'),
('595254253', '461'),
('734486082', '462'),
('506570627', '463'),
('245787256', '464'),
('532630461', '465'),
('28429494', '466'),
('733625836', '467'),
('954064668', '468'),
('590724039', '469'),
('720667828', '470'),
('105742809', '471'),
('683786108', '472'),
('754333929', '473'),
('823909776', '474'),
('255902675', '475'),
('712467509', '476'),
('49315520', '477'),
('111249155', '478'),
('808946607', '479'),
('104919690', '480'),
('785563262', '481'),
('36441370', '482'),
('197813366', '483'),
('480523157', '484'),
('34049107', '485'),
('88191553', '486'),
('330323699', '487'),
('830519618', '488'),
('718165611', '489'),
('692562884', '490'),
('178961218', '491'),
('108909917', '492'),
('813424758', '493'),
('221864988', '494'),
('724813515', '495'),
('326322769', '496'),
('956128114', '497'),
('89446547', '498'),
('932538979', '499');

CREATE TABLE `Cliente_Contacto` (
   `Cuit` decimal(11,0),
   `ID_Contacto` int(3)
) ENGINE=InnoDB DEFAULT CHARSET=utf8;

INSERT INTO `Cliente_Contacto` (`Cuit`, `ID_Contacto`) VALUES 
('325156403', '28'),
('979295593', '268'),
('748643632', '960'),
('297194330', '529'),
('118217848', '326'),
('69247182', '808'),
('251529371', '968'),
('498408554', '951'),
('449910100', '13'),
('956071305', '250'),
('415786128', '953'),
('610404180', '16'),
('971512537', '100'),
('776029249', '570'),
('899770699', '432'),
('536665015', '837'),
('756827704', '419'),
('738233623', '535'),
('497754869', '353'),
('671257543', '483'),
('822554468', '578'),
('762575349', '806'),
('490432231', '573'),
('744293340', '410'),
('150398234', '264'),
('927327056', '486'),
('517424478', '500'),
('582775343', '281'),
('286062404', '115'),
('545544327', '412'),
('606372703', '313'),
('673750607', '735'),
('404506106', '402'),
('536414772', '435'),
('889406067', '220'),
('217772683', '665'),
('562651634', '71'),
('363394789', '718'),
('300646815', '656'),
('318978936', '440'),
('721412869', '402'),
('528361339', '275'),
('933222566', '395'),
('396249218', '302'),
('28286017', '150'),
('542137769', '74'),
('620911848', '681'),
('329584559', '95'),
('465199851', '468'),
('630388543', '690'),
('904320277', '167'),
('592782202', '54'),
('661905930', '833'),
('760355803', '312'),
('933839407', '563'),
('565072847', '381'),
('808342955', '943'),
('812614124', '578'),
('883743662', '930'),
('772614036', '891'),
('531530167', '563'),
('391910119', '740'),
('970165465', '907'),
('995843881', '159'),
('557118724', '141'),
('113523841', '780'),
('457461304', '751'),
('298075925', '361'),
('149217046', '320'),
('557572796', '243'),
('498297058', '521'),
('463128446', '251'),
('258715515', '788'),
('971031770', '249'),
('726342349', '322'),
('586622958', '357'),
('203024216', '637'),
('61280868', '565'),
('674103721', '233'),
('536174572', '213'),
('335903903', '259'),
('475423332', '625'),
('653126829', '48'),
('428765655', '934'),
('715568492', '146'),
('602560313', '796'),
('888115634', '884'),
('780553357', '157'),
('444029367', '59'),
('989573817', '672'),
('40885612', '783'),
('952425424', '604'),
('304239807', '391'),
('428405940', '883'),
('722265511', '933'),
('905993830', '504'),
('465912846', '891'),
('320923925', '847'),
('426986788', '67'),
('879825293', '945'),
('97811295', '41'),
('29351045', '342'),
('339266646', '684'),
('941784340', '954'),
('481440607', '586'),
('376516063', '369'),
('166624019', '622'),
('660742382', '195'),
('963731126', '377'),
('286991818', '795'),
('384447087', '845'),
('819437773', '217'),
('689172662', '807'),
('955930426', '133'),
('242324823', '931'),
('426410273', '700'),
('586874648', '26'),
('817225478', '719'),
('537556422', '955'),
('899898848', '551'),
('281952523', '868'),
('102289559', '703'),
('45407579', '174'),
('216969742', '348'),
('540036864', '869'),
('797562355', '393'),
('805525588', '451'),
('425852623', '504'),
('483933275', '756'),
('180935908', '892'),
('158434320', '630'),
('995747257', '729'),
('616149252', '864'),
('951241025', '637'),
('59915956', '490'),
('275484481', '401'),
('89406923', '94'),
('759049392', '877'),
('177367560', '863'),
('726650073', '149'),
('150780721', '458'),
('937071376', '453'),
('106034396', '831'),
('365650570', '459'),
('308876663', '942'),
('760022839', '304'),
('936080904', '574'),
('830487647', '332'),
('175195429', '722'),
('773609523', '237'),
('738514282', '170'),
('295692952', '563'),
('635576922', '981'),
('487396309', '631'),
('557550907', '962'),
('193441750', '317'),
('533199199', '485'),
('496058157', '291'),
('280138994', '410'),
('273320527', '647'),
('818682334', '935'),
('821599128', '247'),
('120870979', '84'),
('842306469', '575'),
('423358998', '321'),
('340328149', '919'),
('875327627', '217'),
('722280195', '268'),
('600043557', '886'),
('448060256', '211'),
('833258447', '601'),
('146095262', '683'),
('511745179', '975'),
('532062566', '703'),
('474932297', '764'),
('30027747', '614'),
('291222080', '292'),
('397065116', '108'),
('176354657', '728'),
('188263917', '573'),
('29984952', '281'),
('178960298', '799'),
('345422137', '432'),
('932309016', '399'),
('129560270', '283'),
('230619949', '603'),
('909050255', '101'),
('139484379', '488'),
('51284698', '986'),
('345836838', '343'),
('5925214', '321'),
('732713768', '163'),
('878350864', '555'),
('763285780', '414'),
('254102328', '643'),
('278577547', '783'),
('559401421', '235'),
('924799874', '57'),
('875635475', '163'),
('660481966', '164'),
('661143147', '972'),
('246597787', '452'),
('192282056', '660'),
('955084707', '874'),
('870430133', '592'),
('200299465', '697'),
('371307903', '899'),
('322551479', '255'),
('127013229', '805'),
('633731110', '367'),
('788419334', '951'),
('135853320', '912'),
('637934486', '78'),
('18431385', '485'),
('520666083', '123'),
('774391539', '192'),
('867211863', '40'),
('850287025', '242'),
('892929408', '525'),
('168607075', '62'),
('687571414', '331'),
('608259881', '516'),
('132389430', '995'),
('210568322', '16'),
('47910926', '324'),
('981125486', '559'),
('846807871', '905'),
('504088769', '745'),
('681093157', '413'),
('7684966', '427'),
('926982199', '401'),
('396640173', '289'),
('415194430', '491'),
('628787275', '102'),
('432580802', '883'),
('944542155', '10'),
('544852794', '645'),
('139578611', '540'),
('999475994', '243'),
('27930218', '514'),
('639844402', '166'),
('250282316', '257'),
('616940110', '41'),
('955669949', '744'),
('504336264', '134'),
('390908000', '453'),
('961544655', '853'),
('922375133', '634'),
('184836767', '34'),
('212244107', '754'),
('264786544', '200'),
('142233532', '466'),
('157252028', '590'),
('726850152', '307'),
('649035595', '18'),
('977568634', '708'),
('730055103', '301'),
('246007110', '886'),
('628603822', '899'),
('144189483', '428'),
('314305253', '927'),
('985162185', '234'),
('538045198', '860'),
('665102855', '568'),
('64284515', '255'),
('835827713', '816'),
('470649643', '987'),
('286358283', '259'),
('452090137', '869'),
('822790538', '182'),
('770602541', '99'),
('863677012', '15'),
('150147722', '414'),
('909592281', '171'),
('458902755', '281'),
('15360503', '150'),
('959491479', '327'),
('425929329', '539'),
('163442710', '673'),
('18034577', '575'),
('329993481', '714'),
('579621885', '597'),
('943958616', '637'),
('167848250', '883'),
('74722391', '894'),
('927598273', '247'),
('458421145', '156'),
('415267281', '278'),
('808440993', '28'),
('695749657', '759'),
('558347611', '660'),
('844663269', '111'),
('788967976', '889'),
('577963114', '915'),
('959380762', '656'),
('922346854', '38'),
('322095151', '497'),
('980895694', '151'),
('576579050', '635'),
('204230087', '755'),
('876911703', '569'),
('77203792', '267'),
('861191319', '792'),
('969426023', '2'),
('369505572', '984'),
('265090772', '581'),
('146782573', '411'),
('202867915', '665'),
('993605727', '257'),
('913218158', '126'),
('744268004', '292'),
('417067347', '913'),
('653121622', '952'),
('180924807', '468'),
('538847811', '214'),
('848256068', '609'),
('396487944', '585'),
('412850121', '178'),
('966454271', '636'),
('335419772', '473'),
('150476637', '986'),
('45251637', '564'),
('570081033', '831'),
('350153730', '124'),
('772958978', '690'),
('756196485', '648'),
('544216375', '642'),
('443988164', '657'),
('510832095', '424'),
('118968896', '798'),
('499762751', '967'),
('788736007', '118'),
('827861668', '767'),
('462868104', '71'),
('986638303', '234'),
('24683363', '783'),
('739793323', '545'),
('117472651', '306'),
('935114166', '140'),
('948856508', '897'),
('407050318', '554'),
('331007694', '461'),
('569255435', '156'),
('690271441', '610'),
('675118118', '78'),
('194648870', '466'),
('286602833', '415'),
('175877714', '131'),
('286223165', '414'),
('701369263', '777'),
('64095417', '492'),
('616884476', '582'),
('88952492', '924'),
('543487696', '43'),
('467807507', '728'),
('310492432', '853'),
('949541938', '895'),
('147248835', '969'),
('998691839', '660'),
('24735431', '483'),
('868250164', '100'),
('552766641', '642'),
('681081125', '2'),
('112774326', '950'),
('565709675', '242'),
('202336517', '560'),
('75145526', '237'),
('179117530', '660'),
('811875185', '93'),
('304041169', '507'),
('918173831', '261'),
('656915816', '438'),
('460783049', '488'),
('677930247', '348'),
('652118267', '268'),
('120485773', '114'),
('675829461', '154'),
('65908536', '269'),
('650772179', '596'),
('55546231', '783'),
('266050545', '420'),
('847662327', '281'),
('198518847', '589'),
('895895434', '922'),
('327750678', '20'),
('971365009', '500'),
('429789493', '624'),
('362093628', '908'),
('625859793', '588'),
('720421435', '525'),
('518488570', '441'),
('552238866', '931'),
('650647198', '173'),
('959146651', '248'),
('990082595', '480'),
('689975247', '459'),
('850729158', '853'),
('836939256', '868'),
('525601848', '772'),
('588258349', '755'),
('663328014', '121'),
('103857293', '478'),
('507544595', '854'),
('856720589', '123'),
('964341322', '349'),
('127252323', '319'),
('527479034', '60'),
('379429180', '595'),
('537270169', '244'),
('904577847', '683'),
('463331304', '857'),
('928666422', '188'),
('558862778', '758'),
('111936489', '982'),
('81842291', '529'),
('641327911', '909'),
('826366522', '444'),
('533468968', '360'),
('340529959', '410'),
('788614064', '19'),
('502826241', '559'),
('42833753', '60'),
('438601118', '184'),
('21713500', '425'),
('656674975', '503'),
('75346634', '151'),
('905588317', '320'),
('218590797', '932'),
('936626616', '939'),
('139954299', '836'),
('727149706', '945'),
('14436485', '660'),
('961441318', '436'),
('712741655', '528'),
('273806743', '549'),
('242411488', '528'),
('616317509', '831'),
('112312346', '895'),
('853558035', '557'),
('645992625', '303'),
('152662000', '137'),
('861490355', '694'),
('625030820', '127'),
('627049357', '480'),
('795194224', '114'),
('180870992', '822'),
('166215977', '926'),
('315080592', '861'),
('692670427', '554'),
('624468610', '967'),
('999762781', '358'),
('970907927', '16'),
('528309842', '423'),
('526831857', '368'),
('308614967', '315'),
('906378809', '786'),
('645544931', '484'),
('885510617', '17'),
('128615773', '781'),
('529502490', '745'),
('281858213', '306'),
('595254253', '2'),
('734486082', '601'),
('506570627', '812'),
('245787256', '726'),
('532630461', '51'),
('28429494', '550'),
('733625836', '569'),
('954064668', '546'),
('590724039', '925'),
('720667828', '14'),
('105742809', '202'),
('683786108', '993'),
('754333929', '581'),
('823909776', '654'),
('255902675', '192'),
('712467509', '781'),
('49315520', '440'),
('111249155', '733'),
('808946607', '435'),
('104919690', '183'),
('785563262', '489'),
('36441370', '187'),
('197813366', '151'),
('480523157', '490'),
('34049107', '191'),
('88191553', '716'),
('330323699', '720'),
('830519618', '292'),
('718165611', '236'),
('692562884', '376'),
('178961218', '165'),
('108909917', '844'),
('813424758', '717'),
('221864988', '109'),
('724813515', '970'),
('326322769', '411'),
('956128114', '626'),
('89446547', '206'),
('932538979', '772');

CREATE TABLE `Cliente_Maquina` (
   `Cuit` decimal(11,0),
   `ID_Maquina` int(3)
) ENGINE=InnoDB DEFAULT CHARSET=utf8;

INSERT INTO `Cliente_Maquina` (`Cuit`, `ID_Maquina`) VALUES 
('45251637', '5'),
('146782573', '5'),
('340328149', '5'),
('544216375', '5'),
('943958616', '5'),
('969426023', '5'),
('906378809', '5'),
('175877714', '5'),
('325156403', '3'),
('979295593', '3'),
('748643632', '2'),
('297194330', '2'),
('118217848', '2'),
('69247182', '2'),
('251529371', '2'),
('498408554', '5'),
('449910100', '5'),
('956071305', '1'),
('415786128', '2'),
('610404180', '5'),
('971512537', '3'),
('776029249', '3'),
('899770699', '4'),
('536665015', '5'),
('756827704', '2'),
('738233623', '5'),
('497754869', '0'),
('671257543', '2'),
('822554468', '3'),
('762575349', '3'),
('490432231', '5'),
('744293340', '4'),
('150398234', '1'),
('927327056', '5'),
('517424478', '5'),
('582775343', '3'),
('286062404', '3'),
('545544327', '1'),
('606372703', '2'),
('673750607', '4'),
('404506106', '4'),
('536414772', '1'),
('889406067', '1'),
('217772683', '3'),
('562651634', '3'),
('363394789', '3'),
('300646815', '4'),
('318978936', '1'),
('721412869', '3'),
('528361339', '5'),
('933222566', '4'),
('396249218', '1'),
('28286017', '5'),
('542137769', '5'),
('620911848', '2'),
('329584559', '4'),
('465199851', '4'),
('630388543', '2'),
('904320277', '2'),
('592782202', '0'),
('661905930', '2'),
('760355803', '3'),
('933839407', '2'),
('565072847', '2'),
('808342955', '0'),
('812614124', '2'),
('883743662', '4'),
('772614036', '2'),
('531530167', '1'),
('391910119', '4'),
('970165465', '3'),
('995843881', '2'),
('557118724', '1'),
('113523841', '5'),
('457461304', '3'),
('298075925', '0'),
('149217046', '0'),
('557572796', '5'),
('498297058', '5'),
('463128446', '2'),
('258715515', '0'),
('971031770', '2'),
('726342349', '5'),
('586622958', '2'),
('203024216', '3'),
('61280868', '3'),
('674103721', '0'),
('536174572', '5'),
('335903903', '3'),
('475423332', '3'),
('653126829', '1'),
('428765655', '1'),
('715568492', '5'),
('602560313', '3'),
('888115634', '5'),
('780553357', '2'),
('444029367', '4'),
('989573817', '1'),
('40885612', '3'),
('952425424', '1'),
('304239807', '0'),
('428405940', '0'),
('722265511', '1'),
('905993830', '1'),
('465912846', '5'),
('320923925', '2'),
('426986788', '1'),
('879825293', '2'),
('97811295', '2'),
('29351045', '3'),
('339266646', '4'),
('941784340', '0'),
('481440607', '0'),
('376516063', '1'),
('166624019', '3'),
('660742382', '3'),
('963731126', '5'),
('286991818', '0'),
('384447087', '5'),
('819437773', '5'),
('689172662', '0'),
('955930426', '3'),
('242324823', '1'),
('426410273', '2'),
('586874648', '1'),
('817225478', '1'),
('537556422', '4'),
('899898848', '1'),
('281952523', '4'),
('102289559', '4'),
('45407579', '0'),
('216969742', '5'),
('540036864', '2'),
('797562355', '2'),
('805525588', '0'),
('425852623', '2'),
('483933275', '3'),
('180935908', '5'),
('158434320', '3'),
('995747257', '4'),
('616149252', '0'),
('951241025', '3'),
('59915956', '1'),
('275484481', '5'),
('89406923', '1'),
('759049392', '4'),
('177367560', '4'),
('726650073', '5'),
('150780721', '0'),
('937071376', '4'),
('106034396', '5'),
('365650570', '5'),
('308876663', '3'),
('760022839', '3'),
('936080904', '2'),
('830487647', '5'),
('175195429', '5'),
('773609523', '2'),
('738514282', '4'),
('295692952', '0'),
('635576922', '1'),
('487396309', '1'),
('557550907', '1'),
('193441750', '5'),
('533199199', '2'),
('496058157', '1'),
('280138994', '5'),
('273320527', '1'),
('818682334', '3'),
('821599128', '3'),
('120870979', '4'),
('842306469', '4'),
('423358998', '2'),
('340328149', '0'),
('875327627', '3'),
('722280195', '0'),
('600043557', '5'),
('448060256', '3'),
('833258447', '4'),
('146095262', '2'),
('511745179', '5'),
('532062566', '1'),
('474932297', '3'),
('30027747', '5'),
('291222080', '4'),
('397065116', '0'),
('176354657', '3'),
('188263917', '4'),
('29984952', '2'),
('178960298', '2'),
('345422137', '5'),
('932309016', '5'),
('129560270', '0'),
('230619949', '5'),
('909050255', '0'),
('139484379', '2'),
('51284698', '0'),
('345836838', '4'),
('5925214', '3'),
('732713768', '4'),
('878350864', '4'),
('763285780', '0'),
('254102328', '1'),
('278577547', '3'),
('559401421', '4'),
('924799874', '3'),
('875635475', '5'),
('660481966', '3'),
('661143147', '0'),
('246597787', '0'),
('192282056', '3'),
('955084707', '4'),
('870430133', '3'),
('200299465', '0'),
('371307903', '3'),
('322551479', '5'),
('127013229', '1'),
('633731110', '1'),
('788419334', '3'),
('135853320', '3'),
('637934486', '5'),
('18431385', '2'),
('520666083', '1'),
('774391539', '3'),
('867211863', '5'),
('850287025', '4'),
('892929408', '2'),
('168607075', '5'),
('687571414', '5'),
('608259881', '0'),
('132389430', '0'),
('210568322', '5'),
('47910926', '4'),
('981125486', '0'),
('846807871', '0'),
('504088769', '4'),
('681093157', '2'),
('7684966', '4'),
('926982199', '0'),
('396640173', '4'),
('415194430', '0'),
('628787275', '5'),
('432580802', '4'),
('944542155', '2'),
('544852794', '1'),
('139578611', '5'),
('999475994', '5'),
('27930218', '5'),
('639844402', '1'),
('250282316', '3'),
('616940110', '4'),
('955669949', '1'),
('504336264', '2'),
('390908000', '3'),
('961544655', '0'),
('922375133', '4'),
('184836767', '3'),
('212244107', '4'),
('264786544', '0'),
('142233532', '2'),
('157252028', '3'),
('726850152', '5'),
('649035595', '4'),
('977568634', '5'),
('730055103', '5'),
('246007110', '4'),
('628603822', '0'),
('144189483', '1'),
('314305253', '2'),
('985162185', '4'),
('538045198', '4'),
('665102855', '4'),
('64284515', '1'),
('835827713', '0'),
('470649643', '5'),
('286358283', '1'),
('452090137', '5'),
('822790538', '2'),
('770602541', '0'),
('863677012', '2'),
('150147722', '4'),
('909592281', '2'),
('458902755', '3'),
('15360503', '5'),
('959491479', '3'),
('425929329', '4'),
('163442710', '5'),
('18034577', '5'),
('329993481', '4'),
('579621885', '5'),
('943958616', '4'),
('167848250', '5'),
('74722391', '5'),
('927598273', '1'),
('458421145', '0'),
('415267281', '1'),
('808440993', '1'),
('695749657', '0'),
('558347611', '3'),
('844663269', '5'),
('788967976', '3'),
('577963114', '4'),
('959380762', '1'),
('922346854', '5'),
('322095151', '2'),
('980895694', '1'),
('576579050', '2'),
('204230087', '0'),
('876911703', '2'),
('77203792', '3'),
('861191319', '4'),
('969426023', '5'),
('369505572', '3'),
('265090772', '3'),
('146782573', '5'),
('202867915', '3'),
('993605727', '1'),
('913218158', '3'),
('744268004', '1'),
('417067347', '5'),
('653121622', '4'),
('180924807', '3'),
('538847811', '5'),
('848256068', '1'),
('396487944', '4'),
('412850121', '2'),
('966454271', '5'),
('335419772', '0'),
('150476637', '1'),
('45251637', '1'),
('570081033', '4'),
('350153730', '5'),
('772958978', '5'),
('756196485', '1'),
('544216375', '4'),
('443988164', '0'),
('510832095', '5'),
('118968896', '3'),
('499762751', '2'),
('788736007', '5'),
('827861668', '4'),
('462868104', '3'),
('986638303', '1'),
('24683363', '1'),
('739793323', '4'),
('117472651', '2'),
('935114166', '5'),
('948856508', '0'),
('407050318', '5'),
('331007694', '1'),
('569255435', '1'),
('690271441', '4'),
('675118118', '1'),
('194648870', '3'),
('286602833', '2'),
('175877714', '5'),
('286223165', '5'),
('701369263', '4'),
('64095417', '0'),
('616884476', '3'),
('88952492', '1'),
('543487696', '1'),
('467807507', '1'),
('310492432', '4'),
('949541938', '0'),
('147248835', '0'),
('998691839', '5'),
('24735431', '3'),
('868250164', '1'),
('552766641', '2'),
('681081125', '0'),
('112774326', '3'),
('565709675', '1'),
('202336517', '4'),
('75145526', '3'),
('179117530', '1'),
('811875185', '5'),
('304041169', '0'),
('918173831', '4'),
('656915816', '1'),
('460783049', '0'),
('677930247', '1'),
('652118267', '4'),
('120485773', '0'),
('675829461', '3'),
('65908536', '3'),
('650772179', '4'),
('55546231', '1'),
('266050545', '4'),
('847662327', '0'),
('198518847', '3'),
('895895434', '1'),
('327750678', '0'),
('971365009', '3'),
('429789493', '3'),
('362093628', '4'),
('625859793', '1'),
('720421435', '0'),
('518488570', '2'),
('552238866', '5'),
('650647198', '2'),
('959146651', '2'),
('990082595', '1'),
('689975247', '3'),
('850729158', '2'),
('836939256', '0'),
('525601848', '2'),
('588258349', '5'),
('663328014', '0'),
('103857293', '1'),
('507544595', '3'),
('856720589', '4'),
('964341322', '2'),
('127252323', '5'),
('527479034', '0'),
('379429180', '4'),
('537270169', '2'),
('904577847', '2'),
('463331304', '5'),
('928666422', '4'),
('558862778', '3'),
('111936489', '3'),
('81842291', '1'),
('641327911', '3'),
('826366522', '2'),
('533468968', '2'),
('340529959', '5'),
('788614064', '1'),
('502826241', '2'),
('42833753', '3'),
('438601118', '1'),
('21713500', '0'),
('656674975', '5'),
('75346634', '3'),
('905588317', '2'),
('218590797', '3'),
('936626616', '1'),
('139954299', '3'),
('727149706', '4'),
('14436485', '0'),
('961441318', '3'),
('712741655', '5'),
('273806743', '1'),
('242411488', '1'),
('616317509', '5'),
('112312346', '2'),
('853558035', '4'),
('645992625', '2'),
('152662000', '4'),
('861490355', '5'),
('625030820', '3'),
('627049357', '4'),
('795194224', '4'),
('180870992', '4'),
('166215977', '2'),
('315080592', '3'),
('692670427', '0'),
('624468610', '3'),
('999762781', '2'),
('970907927', '5'),
('528309842', '0'),
('526831857', '2'),
('308614967', '3'),
('906378809', '4'),
('645544931', '2'),
('885510617', '1'),
('128615773', '4'),
('529502490', '4'),
('281858213', '2'),
('595254253', '3'),
('734486082', '5'),
('506570627', '0'),
('245787256', '1'),
('532630461', '5'),
('28429494', '2'),
('733625836', '1'),
('954064668', '2'),
('590724039', '1'),
('720667828', '4'),
('105742809', '2'),
('683786108', '3'),
('754333929', '1'),
('823909776', '1'),
('255902675', '1'),
('712467509', '2'),
('49315520', '3'),
('111249155', '0'),
('808946607', '1'),
('104919690', '1'),
('785563262', '0'),
('36441370', '0'),
('197813366', '1'),
('480523157', '1'),
('34049107', '5'),
('88191553', '2'),
('330323699', '2'),
('830519618', '2'),
('718165611', '4'),
('692562884', '1'),
('178961218', '2'),
('108909917', '3'),
('813424758', '3'),
('221864988', '2'),
('724813515', '5'),
('326322769', '3'),
('956128114', '3'),
('89446547', '4'),
('932538979', '5'),
('1', '0');

CREATE TABLE `Cliente_Vendedor` (
   `Cuit` decimal(11,0),
   `ID_Vendedor` int(100)
) ENGINE=InnoDB DEFAULT CHARSET=utf8;

INSERT INTO `Cliente_Vendedor` (`Cuit`, `ID_Vendedor`) VALUES 
('325156403', '4'),
('979295593', '16'),
('748643632', '17'),
('297194330', '13'),
('118217848', '6'),
('69247182', '15'),
('251529371', '9'),
('498408554', '14'),
('449910100', '18'),
('956071305', '16'),
('415786128', '13'),
('610404180', '17'),
('971512537', '15'),
('776029249', '6'),
('899770699', '16'),
('536665015', '18'),
('756827704', '0'),
('738233623', '17'),
('497754869', '19'),
('671257543', '19'),
('822554468', '17'),
('762575349', '19'),
('490432231', '5'),
('744293340', '0'),
('150398234', '5'),
('927327056', '12'),
('517424478', '5'),
('582775343', '3'),
('286062404', '12'),
('545544327', '16'),
('606372703', '15'),
('673750607', '2'),
('404506106', '5'),
('536414772', '6'),
('889406067', '10'),
('217772683', '15'),
('562651634', '9'),
('363394789', '8'),
('300646815', '11'),
('318978936', '11'),
('721412869', '0'),
('528361339', '19'),
('933222566', '0'),
('396249218', '10'),
('28286017', '6'),
('542137769', '7'),
('620911848', '14'),
('329584559', '7'),
('465199851', '13'),
('630388543', '1'),
('904320277', '11'),
('592782202', '3'),
('661905930', '2'),
('760355803', '10'),
('933839407', '2'),
('565072847', '9'),
('808342955', '2'),
('812614124', '1'),
('883743662', '12'),
('772614036', '17'),
('531530167', '16'),
('391910119', '6'),
('970165465', '0'),
('995843881', '0'),
('557118724', '8'),
('113523841', '11'),
('457461304', '9'),
('298075925', '6'),
('149217046', '15'),
('557572796', '6'),
('498297058', '13'),
('463128446', '3'),
('258715515', '7'),
('971031770', '11'),
('726342349', '2'),
('586622958', '10'),
('203024216', '19'),
('61280868', '6'),
('674103721', '3'),
('536174572', '19'),
('335903903', '18'),
('475423332', '8'),
('653126829', '15'),
('428765655', '15'),
('715568492', '4'),
('602560313', '13'),
('888115634', '7'),
('780553357', '3'),
('444029367', '6'),
('989573817', '14'),
('40885612', '12'),
('952425424', '15'),
('304239807', '7'),
('428405940', '11'),
('722265511', '2'),
('905993830', '6'),
('465912846', '4'),
('320923925', '16'),
('426986788', '11'),
('879825293', '9'),
('97811295', '19'),
('29351045', '12'),
('339266646', '17'),
('941784340', '11'),
('481440607', '10'),
('376516063', '15'),
('166624019', '18'),
('660742382', '18'),
('963731126', '1'),
('286991818', '1'),
('384447087', '19'),
('819437773', '12'),
('689172662', '0'),
('955930426', '15'),
('242324823', '16'),
('426410273', '19'),
('586874648', '18'),
('817225478', '7'),
('537556422', '2'),
('899898848', '1'),
('281952523', '7'),
('102289559', '18'),
('45407579', '9'),
('216969742', '12'),
('540036864', '19'),
('797562355', '19'),
('805525588', '18'),
('425852623', '7'),
('483933275', '8'),
('180935908', '4'),
('158434320', '15'),
('995747257', '19'),
('616149252', '7'),
('951241025', '0'),
('59915956', '17'),
('275484481', '19'),
('89406923', '3'),
('759049392', '9'),
('177367560', '14'),
('726650073', '11'),
('150780721', '19'),
('937071376', '13'),
('106034396', '10'),
('365650570', '16'),
('308876663', '12'),
('760022839', '4'),
('936080904', '0'),
('830487647', '0'),
('175195429', '9'),
('773609523', '4'),
('738514282', '6'),
('295692952', '13'),
('635576922', '4'),
('487396309', '5'),
('557550907', '9'),
('193441750', '9'),
('533199199', '14'),
('496058157', '9'),
('280138994', '14'),
('273320527', '11'),
('818682334', '8'),
('821599128', '15'),
('120870979', '15'),
('842306469', '18'),
('423358998', '1'),
('340328149', '10'),
('875327627', '0'),
('722280195', '3'),
('600043557', '1'),
('448060256', '16'),
('833258447', '10'),
('146095262', '13'),
('511745179', '5'),
('532062566', '11'),
('474932297', '17'),
('30027747', '6'),
('291222080', '14'),
('397065116', '7'),
('176354657', '1'),
('188263917', '3'),
('29984952', '19'),
('178960298', '9'),
('345422137', '3'),
('932309016', '15'),
('129560270', '5'),
('230619949', '13'),
('909050255', '6'),
('139484379', '3'),
('51284698', '9'),
('345836838', '13'),
('5925214', '9'),
('732713768', '4'),
('878350864', '19'),
('763285780', '5'),
('254102328', '15'),
('278577547', '4'),
('559401421', '15'),
('924799874', '3'),
('875635475', '0'),
('660481966', '19'),
('661143147', '3'),
('246597787', '10'),
('192282056', '13'),
('955084707', '7'),
('870430133', '8'),
('200299465', '17'),
('371307903', '12'),
('322551479', '12'),
('127013229', '8'),
('633731110', '10'),
('788419334', '16'),
('135853320', '4'),
('637934486', '14'),
('18431385', '8'),
('520666083', '4'),
('774391539', '9'),
('867211863', '9'),
('850287025', '10'),
('892929408', '2'),
('168607075', '2'),
('687571414', '12'),
('608259881', '19'),
('132389430', '9'),
('210568322', '6'),
('47910926', '17'),
('981125486', '14'),
('846807871', '7'),
('504088769', '5'),
('681093157', '18'),
('7684966', '12'),
('926982199', '19'),
('396640173', '4'),
('415194430', '13'),
('628787275', '3'),
('432580802', '19'),
('944542155', '12'),
('544852794', '16'),
('139578611', '18'),
('999475994', '7'),
('27930218', '6'),
('639844402', '13'),
('250282316', '0'),
('616940110', '4'),
('955669949', '2'),
('504336264', '16'),
('390908000', '11'),
('961544655', '19'),
('922375133', '7'),
('184836767', '7'),
('212244107', '8'),
('264786544', '19'),
('142233532', '0'),
('157252028', '14'),
('726850152', '2'),
('649035595', '0'),
('977568634', '0'),
('730055103', '7'),
('246007110', '9'),
('628603822', '15'),
('144189483', '9'),
('314305253', '18'),
('985162185', '14'),
('538045198', '2'),
('665102855', '5'),
('64284515', '1'),
('835827713', '11'),
('470649643', '15'),
('286358283', '6'),
('452090137', '18'),
('822790538', '18'),
('770602541', '2'),
('863677012', '17'),
('150147722', '7'),
('909592281', '15'),
('458902755', '1'),
('15360503', '19'),
('959491479', '7'),
('425929329', '18'),
('163442710', '6'),
('18034577', '5'),
('329993481', '9'),
('579621885', '16'),
('943958616', '12'),
('167848250', '19'),
('74722391', '19'),
('927598273', '8'),
('458421145', '9'),
('415267281', '5'),
('808440993', '15'),
('695749657', '4'),
('558347611', '19'),
('844663269', '9'),
('788967976', '6'),
('577963114', '10'),
('959380762', '18'),
('922346854', '16'),
('322095151', '5'),
('980895694', '5'),
('576579050', '6'),
('204230087', '4'),
('876911703', '13'),
('77203792', '11'),
('861191319', '16'),
('969426023', '12'),
('369505572', '2'),
('265090772', '1'),
('146782573', '2'),
('202867915', '2'),
('993605727', '17'),
('913218158', '14'),
('744268004', '13'),
('417067347', '8'),
('653121622', '12'),
('180924807', '3'),
('538847811', '14'),
('848256068', '4'),
('396487944', '3'),
('412850121', '10'),
('966454271', '15'),
('335419772', '8'),
('150476637', '3'),
('45251637', '2'),
('570081033', '4'),
('350153730', '8'),
('772958978', '19'),
('756196485', '6'),
('544216375', '14'),
('443988164', '2'),
('510832095', '17'),
('118968896', '7'),
('499762751', '13'),
('788736007', '16'),
('827861668', '19'),
('462868104', '17'),
('986638303', '18'),
('24683363', '18'),
('739793323', '4'),
('117472651', '12'),
('935114166', '15'),
('948856508', '3'),
('407050318', '1'),
('331007694', '9'),
('569255435', '12'),
('690271441', '12'),
('675118118', '0'),
('194648870', '17'),
('286602833', '19'),
('175877714', '18'),
('286223165', '13'),
('701369263', '19'),
('64095417', '3'),
('616884476', '13'),
('88952492', '18'),
('543487696', '4'),
('467807507', '3'),
('310492432', '14'),
('949541938', '6'),
('147248835', '1'),
('998691839', '17'),
('24735431', '8'),
('868250164', '19'),
('552766641', '8'),
('681081125', '18'),
('112774326', '9'),
('565709675', '1'),
('202336517', '5'),
('75145526', '13'),
('179117530', '11'),
('811875185', '3'),
('304041169', '7'),
('918173831', '2'),
('656915816', '16'),
('460783049', '12'),
('677930247', '9'),
('652118267', '3'),
('120485773', '2'),
('675829461', '12'),
('65908536', '8'),
('650772179', '18'),
('55546231', '9'),
('266050545', '16'),
('847662327', '8'),
('198518847', '6'),
('895895434', '6'),
('327750678', '10'),
('971365009', '11'),
('429789493', '0'),
('362093628', '9'),
('625859793', '9'),
('720421435', '19'),
('518488570', '16'),
('552238866', '11'),
('650647198', '5'),
('959146651', '9'),
('990082595', '8'),
('689975247', '0'),
('850729158', '5'),
('836939256', '3'),
('525601848', '19'),
('588258349', '17'),
('663328014', '9'),
('103857293', '10'),
('507544595', '6'),
('856720589', '6'),
('964341322', '16'),
('127252323', '14'),
('527479034', '6'),
('379429180', '9'),
('537270169', '3'),
('904577847', '0'),
('463331304', '12'),
('928666422', '14'),
('558862778', '4'),
('111936489', '7'),
('81842291', '12'),
('641327911', '8'),
('826366522', '15'),
('533468968', '17'),
('340529959', '0'),
('788614064', '10'),
('502826241', '8'),
('42833753', '11'),
('438601118', '18'),
('21713500', '5'),
('656674975', '1'),
('75346634', '11'),
('905588317', '10'),
('218590797', '0'),
('936626616', '9'),
('139954299', '0'),
('727149706', '14'),
('14436485', '17'),
('961441318', '12'),
('712741655', '9'),
('273806743', '15'),
('242411488', '16'),
('616317509', '7'),
('112312346', '2'),
('853558035', '19'),
('645992625', '15'),
('152662000', '10'),
('861490355', '0'),
('625030820', '17'),
('627049357', '15'),
('795194224', '19'),
('180870992', '7'),
('166215977', '0'),
('315080592', '16'),
('692670427', '4'),
('624468610', '4'),
('999762781', '18'),
('970907927', '9'),
('528309842', '6'),
('526831857', '2'),
('308614967', '13'),
('906378809', '9'),
('645544931', '12'),
('885510617', '17'),
('128615773', '0'),
('529502490', '10'),
('281858213', '17'),
('595254253', '19'),
('734486082', '3'),
('506570627', '3'),
('245787256', '17'),
('532630461', '17'),
('28429494', '5'),
('733625836', '4'),
('954064668', '8'),
('590724039', '12'),
('720667828', '13'),
('105742809', '6'),
('683786108', '5'),
('754333929', '15'),
('823909776', '10'),
('255902675', '16'),
('712467509', '19'),
('49315520', '1'),
('111249155', '16'),
('808946607', '18'),
('104919690', '2'),
('785563262', '11'),
('36441370', '17'),
('197813366', '16'),
('480523157', '15'),
('34049107', '4'),
('88191553', '7'),
('330323699', '13'),
('830519618', '14'),
('718165611', '18'),
('692562884', '17'),
('178961218', '9'),
('108909917', '1'),
('813424758', '10'),
('221864988', '18'),
('724813515', '19'),
('326322769', '17'),
('956128114', '6'),
('89446547', '13'),
('932538979', '5');

CREATE TABLE `Cliente_Zona` (
   `ID_Zona` int(3),
   `Cuit` decimal(11,0)
) ENGINE=InnoDB DEFAULT CHARSET=utf8;

INSERT INTO `Cliente_Zona` (`ID_Zona`, `Cuit`) VALUES 
('0', '45251637'),
('1', '146782573'),
('2', '340328149'),
('3', '544216375'),
('4', '943958616'),
('5', '969426023'),
('6', '906378809'),
('7', '175877714'),
('6', '325156403'),
('7', '979295593'),
('4', '748643632'),
('7', '297194330'),
('5', '118217848'),
('6', '69247182'),
('5', '251529371'),
('1', '498408554'),
('2', '449910100'),
('7', '956071305'),
('3', '415786128'),
('7', '610404180'),
('7', '971512537'),
('0', '776029249'),
('4', '899770699'),
('1', '536665015'),
('5', '756827704'),
('3', '738233623'),
('2', '497754869'),
('1', '671257543'),
('5', '822554468'),
('2', '762575349'),
('1', '490432231'),
('1', '744293340'),
('2', '150398234'),
('1', '927327056'),
('5', '517424478'),
('0', '582775343'),
('2', '286062404'),
('7', '545544327'),
('6', '606372703'),
('2', '673750607'),
('1', '404506106'),
('3', '536414772'),
('2', '889406067'),
('1', '217772683'),
('6', '562651634'),
('2', '363394789'),
('2', '300646815'),
('7', '318978936'),
('0', '721412869'),
('3', '528361339'),
('7', '933222566'),
('0', '396249218'),
('5', '28286017'),
('0', '542137769'),
('7', '620911848'),
('5', '329584559'),
('7', '465199851'),
('3', '630388543'),
('5', '904320277'),
('3', '592782202'),
('6', '661905930'),
('3', '760355803'),
('3', '933839407'),
('1', '565072847'),
('3', '808342955'),
('4', '812614124'),
('1', '883743662'),
('5', '772614036'),
('4', '531530167'),
('0', '391910119'),
('7', '970165465'),
('4', '995843881'),
('5', '557118724'),
('5', '113523841'),
('6', '457461304'),
('5', '298075925'),
('7', '149217046'),
('0', '557572796'),
('3', '498297058'),
('7', '463128446'),
('2', '258715515'),
('7', '971031770'),
('4', '726342349'),
('4', '586622958'),
('6', '203024216'),
('3', '61280868'),
('0', '674103721'),
('6', '536174572'),
('3', '335903903'),
('7', '475423332'),
('5', '653126829'),
('3', '428765655'),
('0', '715568492'),
('2', '602560313'),
('3', '888115634'),
('1', '780553357'),
('2', '444029367'),
('4', '989573817'),
('1', '40885612'),
('6', '952425424'),
('2', '304239807'),
('1', '428405940'),
('3', '722265511'),
('7', '905993830'),
('0', '465912846'),
('3', '320923925'),
('2', '426986788'),
('7', '879825293'),
('4', '97811295'),
('0', '29351045'),
('4', '339266646'),
('1', '941784340'),
('0', '481440607'),
('7', '376516063'),
('7', '166624019'),
('6', '660742382'),
('1', '963731126'),
('5', '286991818'),
('4', '384447087'),
('5', '819437773'),
('5', '689172662'),
('7', '955930426'),
('2', '242324823'),
('6', '426410273'),
('2', '586874648'),
('1', '817225478'),
('6', '537556422'),
('6', '899898848'),
('6', '281952523'),
('7', '102289559'),
('2', '45407579'),
('5', '216969742'),
('0', '540036864'),
('6', '797562355'),
('6', '805525588'),
('4', '425852623'),
('1', '483933275'),
('6', '180935908'),
('5', '158434320'),
('7', '995747257'),
('4', '616149252'),
('4', '951241025'),
('2', '59915956'),
('3', '275484481'),
('1', '89406923'),
('7', '759049392'),
('1', '177367560'),
('4', '726650073'),
('6', '150780721'),
('1', '937071376'),
('7', '106034396'),
('6', '365650570'),
('6', '308876663'),
('0', '760022839'),
('6', '936080904'),
('1', '830487647'),
('0', '175195429'),
('7', '773609523'),
('1', '738514282'),
('3', '295692952'),
('0', '635576922'),
('0', '487396309'),
('5', '557550907'),
('7', '193441750'),
('4', '533199199'),
('5', '496058157'),
('0', '280138994'),
('4', '273320527'),
('5', '818682334'),
('4', '821599128'),
('1', '120870979'),
('0', '842306469'),
('3', '423358998'),
('7', '340328149'),
('6', '875327627'),
('5', '722280195'),
('4', '600043557'),
('7', '448060256'),
('0', '833258447'),
('3', '146095262'),
('0', '511745179'),
('6', '532062566'),
('3', '474932297'),
('2', '30027747'),
('0', '291222080'),
('6', '397065116'),
('6', '176354657'),
('6', '188263917'),
('0', '29984952'),
('1', '178960298'),
('7', '345422137'),
('5', '932309016'),
('7', '129560270'),
('6', '230619949'),
('6', '909050255'),
('0', '139484379'),
('2', '51284698'),
('4', '345836838'),
('0', '5925214'),
('0', '732713768'),
('3', '878350864'),
('0', '763285780'),
('7', '254102328'),
('2', '278577547'),
('4', '559401421'),
('7', '924799874'),
('5', '875635475'),
('1', '660481966'),
('0', '661143147'),
('6', '246597787'),
('0', '192282056'),
('1', '955084707'),
('5', '870430133'),
('3', '200299465'),
('0', '371307903'),
('6', '322551479'),
('3', '127013229'),
('4', '633731110'),
('3', '788419334'),
('2', '135853320'),
('1', '637934486'),
('1', '18431385'),
('0', '520666083'),
('6', '774391539'),
('6', '867211863'),
('4', '850287025'),
('3', '892929408'),
('2', '168607075'),
('7', '687571414'),
('2', '608259881'),
('7', '132389430'),
('1', '210568322'),
('2', '47910926'),
('1', '981125486'),
('4', '846807871'),
('0', '504088769'),
('5', '681093157'),
('1', '7684966'),
('1', '926982199'),
('1', '396640173'),
('2', '415194430'),
('2', '628787275'),
('6', '432580802'),
('0', '944542155'),
('1', '544852794'),
('5', '139578611'),
('3', '999475994'),
('1', '27930218'),
('7', '639844402'),
('5', '250282316'),
('3', '616940110'),
('0', '955669949'),
('7', '504336264'),
('7', '390908000'),
('2', '961544655'),
('6', '922375133'),
('4', '184836767'),
('2', '212244107'),
('6', '264786544'),
('7', '142233532'),
('0', '157252028'),
('3', '726850152'),
('4', '649035595'),
('5', '977568634'),
('5', '730055103'),
('5', '246007110'),
('7', '628603822'),
('5', '144189483'),
('2', '314305253'),
('3', '985162185'),
('2', '538045198'),
('5', '665102855'),
('0', '64284515'),
('1', '835827713'),
('4', '470649643'),
('0', '286358283'),
('6', '452090137'),
('7', '822790538'),
('4', '770602541'),
('5', '863677012'),
('7', '150147722'),
('1', '909592281'),
('5', '458902755'),
('2', '15360503'),
('4', '959491479'),
('2', '425929329'),
('6', '163442710'),
('6', '18034577'),
('5', '329993481'),
('5', '579621885'),
('2', '943958616'),
('1', '167848250'),
('1', '74722391'),
('6', '927598273'),
('5', '458421145'),
('2', '415267281'),
('0', '808440993'),
('0', '695749657'),
('6', '558347611'),
('4', '844663269'),
('0', '788967976'),
('0', '577963114'),
('4', '959380762'),
('6', '922346854'),
('7', '322095151'),
('4', '980895694'),
('5', '576579050'),
('0', '204230087'),
('0', '876911703'),
('1', '77203792'),
('5', '861191319'),
('1', '969426023'),
('5', '369505572'),
('0', '265090772'),
('1', '146782573'),
('2', '202867915'),
('1', '993605727'),
('0', '913218158'),
('5', '744268004'),
('6', '417067347'),
('3', '653121622'),
('2', '180924807'),
('1', '538847811'),
('7', '848256068'),
('1', '396487944'),
('5', '412850121'),
('3', '966454271'),
('1', '335419772'),
('1', '150476637'),
('6', '45251637'),
('6', '570081033'),
('0', '350153730'),
('5', '772958978'),
('3', '756196485'),
('1', '544216375'),
('0', '443988164'),
('4', '510832095'),
('4', '118968896'),
('3', '499762751'),
('2', '788736007'),
('7', '827861668'),
('6', '462868104'),
('2', '986638303'),
('1', '24683363'),
('3', '739793323'),
('4', '117472651'),
('3', '935114166'),
('1', '948856508'),
('4', '407050318'),
('2', '331007694'),
('0', '569255435'),
('4', '690271441'),
('6', '675118118'),
('3', '194648870'),
('7', '286602833'),
('3', '175877714'),
('7', '286223165'),
('6', '701369263'),
('2', '64095417'),
('2', '616884476'),
('3', '88952492'),
('1', '543487696'),
('1', '467807507'),
('2', '310492432'),
('6', '949541938'),
('5', '147248835'),
('2', '998691839'),
('0', '24735431'),
('3', '868250164'),
('2', '552766641'),
('4', '681081125'),
('4', '112774326'),
('1', '565709675'),
('3', '202336517'),
('2', '75145526'),
('5', '179117530'),
('7', '811875185'),
('7', '304041169'),
('2', '918173831'),
('5', '656915816'),
('3', '460783049'),
('5', '677930247'),
('2', '652118267'),
('0', '120485773'),
('1', '675829461'),
('2', '65908536'),
('6', '650772179'),
('5', '55546231'),
('0', '266050545'),
('6', '847662327'),
('5', '198518847'),
('1', '895895434'),
('2', '327750678'),
('7', '971365009'),
('5', '429789493'),
('7', '362093628'),
('0', '625859793'),
('3', '720421435'),
('5', '518488570'),
('7', '552238866'),
('6', '650647198'),
('6', '959146651'),
('3', '990082595'),
('2', '689975247'),
('6', '850729158'),
('3', '836939256'),
('7', '525601848'),
('2', '588258349'),
('6', '663328014'),
('2', '103857293'),
('5', '507544595'),
('1', '856720589'),
('5', '964341322'),
('1', '127252323'),
('7', '527479034'),
('1', '379429180'),
('1', '537270169'),
('2', '904577847'),
('5', '463331304'),
('1', '928666422'),
('7', '558862778'),
('6', '111936489'),
('2', '81842291'),
('6', '641327911'),
('5', '826366522'),
('2', '533468968'),
('2', '340529959'),
('5', '788614064'),
('4', '502826241'),
('2', '42833753'),
('5', '438601118'),
('3', '21713500'),
('7', '656674975'),
('1', '75346634'),
('4', '905588317'),
('0', '218590797'),
('4', '936626616'),
('5', '139954299'),
('0', '727149706'),
('0', '14436485'),
('4', '961441318'),
('4', '712741655'),
('0', '273806743'),
('3', '242411488'),
('2', '616317509'),
('3', '112312346'),
('0', '853558035'),
('5', '645992625'),
('3', '152662000'),
('2', '861490355'),
('0', '625030820'),
('7', '627049357'),
('2', '795194224'),
('7', '180870992'),
('6', '166215977'),
('3', '315080592'),
('7', '692670427'),
('4', '624468610'),
('6', '999762781'),
('4', '970907927'),
('2', '528309842'),
('4', '526831857'),
('3', '308614967'),
('3', '906378809'),
('6', '645544931'),
('1', '885510617'),
('7', '128615773'),
('4', '529502490'),
('0', '281858213'),
('5', '595254253'),
('5', '734486082'),
('7', '506570627'),
('3', '245787256'),
('0', '532630461'),
('1', '28429494'),
('1', '733625836'),
('2', '954064668'),
('5', '590724039'),
('3', '720667828'),
('1', '105742809'),
('5', '683786108'),
('0', '754333929'),
('3', '823909776'),
('4', '255902675'),
('3', '712467509'),
('2', '49315520'),
('1', '111249155'),
('6', '808946607'),
('7', '104919690'),
('1', '785563262'),
('1', '36441370'),
('4', '197813366'),
('7', '480523157'),
('3', '34049107'),
('2', '88191553'),
('7', '330323699'),
('1', '830519618'),
('4', '718165611'),
('6', '692562884'),
('3', '178961218'),
('1', '108909917'),
('5', '813424758'),
('6', '221864988'),
('2', '724813515'),
('4', '326322769'),
('5', '956128114'),
('2', '89446547'),
('1', '932538979'),
('0', '1');

CREATE TABLE `Comunicaciones` (
   `ID_Comunicacion` int(3) not null,
   `ID_Actividad` int(3),
   `ID_Vendedor` int(3),
   `Comunicacion_Realizada` date,
   PRIMARY KEY (`ID_Comunicacion`)
) ENGINE=InnoDB DEFAULT CHARSET=utf8;

INSERT INTO `Comunicaciones` (`ID_Comunicacion`, `ID_Actividad`, `ID_Vendedor`, `Comunicacion_Realizada`) VALUES 
('0', '51', '4', '1985-10-14'),
('1', '38', '16', '2008-11-28'),
('2', '85', '17', '1981-09-29'),
('3', '139', '13', '1978-10-12'),
('4', '169', '6', '1993-02-08'),
('5', '165', '15', '1989-05-19'),
('6', '90', '9', '1991-02-08'),
('7', '28', '14', '1986-02-17'),
('8', '16', '18', '1976-11-28'),
('9', '61', '16', '1977-09-03'),
('10', '177', '13', '1980-01-02'),
('11', '20', '17', '1995-11-09'),
('12', '189', '15', '1995-02-13'),
('13', '124', '6', '1972-04-22'),
('14', '166', '16', '1994-02-01'),
('15', '144', '18', '1975-04-19'),
('16', '174', '0', '1991-02-06'),
('17', '173', '17', '1970-06-12'),
('18', '121', '19', '1971-02-19'),
('19', '150', '19', '2001-09-05'),
('20', '149', '17', '1978-10-27'),
('21', '38', '19', '2006-11-30'),
('22', '142', '5', '1993-08-23'),
('23', '190', '0', '1978-03-07'),
('24', '89', '5', '2011-06-02'),
('25', '134', '12', '2011-01-29'),
('26', '182', '5', '1976-05-04'),
('27', '101', '3', '1975-11-22'),
('28', '66', '12', '2014-05-25'),
('29', '79', '16', '2008-03-12'),
('30', '71', '15', '2008-06-27'),
('31', '86', '2', '1979-10-04'),
('32', '132', '5', '1992-01-05'),
('33', '30', '6', '1974-10-24'),
('34', '103', '10', '1980-06-20'),
('35', '142', '15', '1988-09-19'),
('36', '67', '9', '1973-12-23'),
('37', '78', '8', '1985-06-07'),
('38', '18', '11', '1985-11-25'),
('39', '139', '11', '1989-01-30'),
('40', '98', '0', '1975-02-26'),
('41', '43', '19', '1980-04-21'),
('42', '130', '0', '1993-10-12'),
('43', '93', '10', '1971-11-22'),
('44', '128', '6', '2004-12-02'),
('45', '158', '7', '1984-05-22'),
('46', '13', '14', '1971-05-22'),
('47', '186', '7', '1984-04-07'),
('48', '50', '13', '1992-09-05'),
('49', '30', '1', '1971-08-04'),
('50', '57', '11', '1984-08-23'),
('51', '182', '3', '1977-10-17'),
('52', '3', '2', '2006-09-28'),
('53', '91', '10', '2004-12-21'),
('54', '20', '2', '1984-01-22'),
('55', '78', '9', '2003-09-29'),
('56', '57', '2', '2005-07-31'),
('57', '27', '1', '1986-07-03'),
('58', '33', '12', '2014-03-11'),
('59', '145', '17', '2002-11-05'),
('60', '187', '16', '1972-08-11'),
('61', '47', '6', '1976-11-14'),
('62', '189', '0', '2010-12-30'),
('63', '64', '0', '2001-08-19'),
('64', '90', '8', '1974-09-21'),
('65', '4', '11', '1974-02-01'),
('66', '1', '9', '1997-02-14'),
('67', '68', '6', '1984-10-21'),
('68', '14', '15', '1992-03-31'),
('69', '2', '6', '2010-02-08'),
('70', '99', '13', '1980-11-08'),
('71', '166', '3', '1979-11-19'),
('72', '128', '7', '2005-05-03'),
('73', '78', '11', '2007-08-02'),
('74', '19', '2', '1979-04-18'),
('75', '92', '10', '1990-10-29'),
('76', '61', '19', '1989-06-13'),
('77', '88', '6', '1999-09-18'),
('78', '94', '3', '1993-06-29'),
('79', '18', '19', '2012-05-09'),
('80', '157', '18', '1990-03-01'),
('81', '27', '8', '2003-03-07'),
('82', '179', '15', '1986-03-07'),
('83', '141', '15', '1991-05-03'),
('84', '109', '4', '1990-05-14'),
('85', '162', '13', '2012-04-09'),
('86', '84', '7', '2004-08-04'),
('87', '49', '3', '2001-10-03'),
('88', '179', '6', '1984-05-02'),
('89', '36', '14', '1970-02-08'),
('90', '47', '12', '1982-10-12'),
('91', '0', '15', '1970-12-02'),
('92', '56', '7', '2005-07-23'),
('93', '89', '11', '1989-03-06'),
('94', '122', '2', '2013-01-19'),
('95', '52', '6', '1979-07-24'),
('96', '172', '4', '1992-10-17'),
('97', '28', '16', '2008-04-17'),
('98', '162', '11', '1986-04-24'),
('99', '8', '9', '2000-06-21'),
('100', '11', '19', '1975-06-04'),
('101', '22', '12', '1971-08-09'),
('102', '181', '17', '1998-01-31'),
('103', '135', '11', '1979-12-31'),
('104', '147', '10', '2013-03-04'),
('105', '76', '15', '1970-03-30'),
('106', '108', '18', '2010-09-08'),
('107', '5', '18', '1981-07-20'),
('108', '16', '1', '2007-11-04'),
('109', '189', '1', '2014-05-28'),
('110', '4', '19', '2010-10-16'),
('111', '78', '12', '2010-06-11'),
('112', '161', '0', '1981-08-15'),
('113', '173', '15', '2014-04-22'),
('114', '174', '16', '1982-02-24'),
('115', '0', '19', '1999-11-02'),
('116', '115', '18', '1990-02-19'),
('117', '53', '7', '1994-10-05'),
('118', '124', '2', '2005-01-01'),
('119', '78', '1', '2011-05-11'),
('120', '34', '7', '1986-06-17'),
('121', '127', '18', '1989-09-11'),
('122', '110', '9', '2002-11-04'),
('123', '95', '12', '1978-11-14'),
('124', '15', '19', '1999-12-08'),
('125', '16', '19', '1973-02-02'),
('126', '23', '18', '1970-12-30'),
('127', '66', '7', '2002-01-12'),
('128', '101', '8', '1999-04-19'),
('129', '18', '4', '1980-08-16'),
('130', '144', '15', '1984-03-09'),
('131', '21', '19', '1989-07-17'),
('132', '145', '7', '1975-03-09'),
('133', '141', '0', '1977-08-22'),
('134', '59', '17', '1982-04-21'),
('135', '54', '19', '2010-04-07'),
('136', '127', '3', '1989-08-02'),
('137', '81', '9', '1988-05-24'),
('138', '23', '14', '1984-02-22'),
('139', '166', '11', '1972-09-28'),
('140', '72', '19', '1971-12-29'),
('141', '17', '13', '2010-04-24'),
('142', '190', '10', '2010-02-16'),
('143', '59', '16', '2007-04-02'),
('144', '32', '12', '2012-09-18'),
('145', '29', '4', '1974-06-22'),
('146', '158', '0', '1993-10-15'),
('147', '24', '0', '1984-07-14'),
('148', '119', '9', '2004-10-16'),
('149', '147', '4', '2002-03-07'),
('150', '73', '6', '2005-02-07'),
('151', '176', '13', '1988-04-01'),
('152', '180', '4', '1972-06-24'),
('153', '7', '5', '1999-03-30'),
('154', '106', '9', '2002-02-23'),
('155', '8', '9', '1994-01-20'),
('156', '82', '14', '2003-09-20'),
('157', '12', '9', '1983-11-11'),
('158', '177', '14', '2002-08-24'),
('159', '131', '11', '1986-11-07'),
('160', '38', '8', '1982-09-06'),
('161', '164', '15', '1984-01-07'),
('162', '23', '15', '2009-03-06'),
('163', '151', '18', '1989-03-29'),
('164', '4', '1', '1973-04-18'),
('165', '103', '10', '2011-09-21'),
('166', '159', '0', '1993-04-08'),
('167', '122', '3', '2013-05-26'),
('168', '168', '1', '2013-02-16'),
('169', '139', '16', '1980-03-04'),
('170', '182', '10', '1976-07-17'),
('171', '187', '13', '1996-04-04'),
('172', '100', '5', '1996-11-04'),
('173', '168', '11', '1970-07-23'),
('174', '110', '17', '1975-02-01'),
('175', '189', '6', '1976-02-23'),
('176', '3', '14', '2011-03-26'),
('177', '86', '7', '1971-06-28'),
('178', '92', '1', '1974-06-17'),
('179', '42', '3', '1987-05-16'),
('180', '175', '19', '1972-09-30'),
('181', '116', '9', '1972-07-28'),
('182', '56', '3', '2002-06-22'),
('183', '31', '15', '1990-07-20'),
('184', '44', '5', '1981-06-17'),
('185', '175', '13', '1985-05-18'),
('186', '166', '6', '2010-07-20'),
('187', '29', '3', '1982-05-17'),
('188', '70', '9', '1999-02-06'),
('189', '167', '13', '1991-07-09'),
('190', '15', '9', '2009-05-04'),
('191', '185', '4', '1972-01-19'),
('192', '39', '19', '2012-08-03'),
('193', '123', '5', '1988-04-22'),
('194', '137', '15', '1995-08-30'),
('195', '113', '4', '1981-09-13'),
('196', '68', '15', '2008-12-18'),
('197', '144', '3', '1980-12-31'),
('198', '148', '0', '2010-03-02'),
('199', '187', '19', '1993-05-15'),
('200', '192', '3', '1975-05-21'),
('201', '95', '10', '1987-11-13'),
('202', '196', '13', '1992-03-18'),
('203', '22', '7', '1974-04-07'),
('204', '28', '8', '1973-10-27'),
('205', '157', '17', '1975-11-26'),
('206', '199', '12', '1973-08-02'),
('207', '191', '12', '2005-08-07'),
('208', '126', '8', '1982-08-03'),
('209', '65', '10', '1987-05-17'),
('210', '15', '16', '1987-07-15'),
('211', '162', '4', '1970-01-05'),
('212', '150', '14', '1987-07-17'),
('213', '4', '8', '1990-02-06'),
('214', '85', '4', '1993-07-16'),
('215', '8', '9', '2004-08-13'),
('216', '9', '9', '1997-03-19'),
('217', '193', '10', '2002-07-03'),
('218', '190', '2', '1989-12-03'),
('219', '172', '2', '1997-02-25'),
('220', '109', '12', '1979-11-05'),
('221', '185', '19', '2014-10-06'),
('222', '20', '9', '2004-02-09'),
('223', '174', '6', '1995-10-22'),
('224', '74', '17', '1985-04-02'),
('225', '132', '14', '1981-05-11'),
('226', '79', '7', '2004-02-28'),
('227', '73', '5', '2000-08-05'),
('228', '38', '18', '2009-01-24'),
('229', '119', '12', '1970-08-26'),
('230', '31', '19', '1972-09-30'),
('231', '127', '4', '1981-09-24'),
('232', '58', '13', '1971-05-23'),
('233', '32', '3', '1994-02-26'),
('234', '17', '19', '1972-02-15'),
('235', '35', '12', '1972-07-01'),
('236', '172', '16', '1980-12-27'),
('237', '187', '18', '2011-03-11'),
('238', '80', '7', '1997-09-25'),
('239', '163', '6', '1977-07-12'),
('240', '45', '13', '1971-12-24'),
('241', '91', '0', '2009-04-03'),
('242', '69', '4', '2007-02-13'),
('243', '194', '2', '2014-03-14'),
('244', '195', '16', '1975-06-29'),
('245', '149', '11', '1989-03-02'),
('246', '135', '19', '1972-04-08'),
('247', '56', '7', '2011-08-14'),
('248', '84', '7', '1996-12-08'),
('249', '161', '8', '1988-01-07'),
('250', '127', '19', '1993-12-31'),
('251', '168', '0', '1976-07-12'),
('252', '25', '14', '2003-07-18'),
('253', '38', '2', '1983-06-07'),
('254', '194', '0', '2013-09-18'),
('255', '193', '0', '1989-03-03'),
('256', '112', '7', '1990-08-18'),
('257', '163', '9', '1987-05-26'),
('258', '10', '15', '1970-07-28'),
('259', '19', '9', '2006-04-13'),
('260', '64', '18', '1971-07-29'),
('261', '195', '14', '1973-09-10'),
('262', '78', '2', '1975-07-21'),
('263', '63', '5', '1999-10-02'),
('264', '32', '1', '1978-11-13'),
('265', '48', '11', '1984-08-15'),
('266', '106', '15', '1973-08-15'),
('267', '168', '6', '1991-12-25'),
('268', '153', '18', '1994-07-26'),
('269', '157', '18', '1979-07-14'),
('270', '5', '2', '1971-09-02'),
('271', '130', '17', '1997-12-20'),
('272', '170', '7', '1982-03-08'),
('273', '3', '15', '1977-03-16'),
('274', '151', '1', '1974-05-12'),
('275', '78', '19', '2013-07-13'),
('276', '64', '7', '1985-03-26'),
('277', '89', '18', '2006-03-19'),
('278', '175', '6', '2012-07-10'),
('279', '109', '5', '2005-03-10'),
('280', '160', '9', '1988-05-01'),
('281', '33', '16', '1997-11-15'),
('282', '0', '12', '2003-01-21'),
('283', '98', '19', '1996-08-10'),
('284', '165', '19', '2011-02-20'),
('285', '93', '8', '1988-05-28'),
('286', '189', '9', '1984-12-05'),
('287', '15', '5', '1978-07-18'),
('288', '125', '15', '1987-09-24'),
('289', '40', '4', '2002-07-27'),
('290', '94', '19', '1996-03-20'),
('291', '77', '9', '1996-01-26'),
('292', '161', '6', '2008-11-05'),
('293', '123', '10', '1979-08-04'),
('294', '15', '18', '2011-12-18'),
('295', '134', '16', '1986-05-04'),
('296', '133', '5', '1994-07-04'),
('297', '164', '5', '2003-12-03'),
('298', '23', '6', '1975-09-30'),
('299', '25', '4', '2008-07-28'),
('300', '136', '13', '1991-07-04'),
('301', '32', '11', '2001-07-05'),
('302', '123', '16', '1981-09-05'),
('303', '105', '12', '1996-01-29'),
('304', '55', '2', '1980-01-12'),
('305', '101', '1', '1984-11-20'),
('306', '78', '2', '1994-10-20'),
('307', '10', '2', '1994-03-21'),
('308', '175', '17', '2014-03-11'),
('309', '182', '14', '1971-08-16'),
('310', '170', '13', '2010-03-25'),
('311', '161', '8', '1975-09-26'),
('312', '126', '12', '1970-02-12'),
('313', '154', '3', '2000-02-13'),
('314', '7', '14', '1986-10-25'),
('315', '68', '4', '1973-01-03'),
('316', '192', '3', '1972-02-09'),
('317', '25', '10', '1972-02-13'),
('318', '12', '15', '2001-01-10'),
('319', '63', '8', '1982-07-28'),
('320', '86', '3', '1986-03-06'),
('321', '32', '2', '1988-10-10'),
('322', '49', '4', '1971-11-24'),
('323', '149', '8', '2008-12-15'),
('324', '188', '19', '2002-01-28'),
('325', '90', '6', '2007-09-08'),
('326', '101', '14', '1984-04-24'),
('327', '140', '2', '1977-09-28'),
('328', '174', '17', '2006-10-09'),
('329', '135', '7', '1980-03-31'),
('330', '30', '13', '1973-07-04'),
('331', '16', '16', '2001-01-28'),
('332', '189', '19', '1993-10-10'),
('333', '182', '17', '1986-08-27'),
('334', '174', '18', '1980-12-09'),
('335', '91', '18', '1975-01-18'),
('336', '173', '4', '2007-05-31'),
('337', '18', '12', '1975-04-09'),
('338', '133', '15', '2007-03-16'),
('339', '141', '3', '1972-05-12'),
('340', '161', '1', '2009-03-06'),
('341', '37', '9', '1983-12-07'),
('342', '163', '12', '1987-02-08'),
('343', '153', '12', '1995-10-16'),
('344', '18', '0', '2005-11-17'),
('345', '124', '17', '1983-10-21'),
('346', '94', '19', '1970-09-10'),
('347', '22', '18', '1982-07-26'),
('348', '112', '13', '1998-10-02'),
('349', '129', '19', '1987-11-02'),
('350', '79', '3', '1975-05-16'),
('351', '32', '13', '1983-08-21'),
('352', '143', '18', '1990-06-29'),
('353', '15', '4', '2013-07-29'),
('354', '110', '3', '1973-07-25'),
('355', '63', '14', '2013-08-01'),
('356', '195', '6', '1976-10-06'),
('357', '85', '1', '1996-06-03'),
('358', '14', '17', '1982-03-24'),
('359', '162', '8', '1980-01-15'),
('360', '93', '19', '1997-06-01'),
('361', '98', '8', '1987-08-02'),
('362', '23', '18', '1973-09-23'),
('363', '165', '9', '2003-06-05'),
('364', '121', '1', '2000-02-03'),
('365', '119', '5', '2005-08-30'),
('366', '15', '13', '2000-09-09'),
('367', '16', '11', '1997-03-09'),
('368', '131', '3', '2004-04-04'),
('369', '79', '7', '2012-10-10'),
('370', '193', '2', '1977-11-12'),
('371', '142', '16', '1972-12-23'),
('372', '94', '12', '2005-10-31'),
('373', '137', '9', '1996-08-13'),
('374', '67', '3', '1992-09-19'),
('375', '95', '2', '1978-06-14'),
('376', '28', '12', '2000-11-21'),
('377', '131', '8', '1989-05-15'),
('378', '61', '18', '1990-06-02'),
('379', '146', '9', '2010-09-27'),
('380', '141', '16', '1986-04-18'),
('381', '66', '8', '1992-12-06'),
('382', '194', '6', '1989-07-05'),
('383', '25', '6', '2006-08-02'),
('384', '192', '10', '1996-08-12'),
('385', '144', '11', '1982-10-13'),
('386', '124', '0', '2001-08-09'),
('387', '176', '9', '1973-06-04'),
('388', '176', '9', '1973-10-30'),
('389', '61', '19', '1972-09-04'),
('390', '191', '16', '1985-12-01'),
('391', '6', '11', '1993-12-31'),
('392', '69', '5', '1988-06-14'),
('393', '86', '9', '1996-02-25'),
('394', '109', '8', '1979-10-19'),
('395', '168', '0', '2007-02-17'),
('396', '114', '5', '2011-05-10'),
('397', '81', '3', '1979-10-18'),
('398', '171', '19', '1982-08-09'),
('399', '137', '17', '1984-08-24'),
('400', '57', '9', '2003-03-28'),
('401', '25', '10', '2012-06-28'),
('402', '118', '6', '1982-06-11'),
('403', '95', '6', '1990-03-04'),
('404', '164', '16', '2007-03-15'),
('405', '132', '14', '1995-07-01'),
('406', '81', '6', '1982-11-04'),
('407', '119', '9', '2010-07-07'),
('408', '147', '3', '1997-06-17'),
('409', '110', '0', '1995-01-14'),
('410', '184', '12', '1990-04-27'),
('411', '138', '14', '1976-09-08'),
('412', '119', '4', '1977-02-14'),
('413', '91', '7', '1995-10-25'),
('414', '172', '12', '1983-02-13'),
('415', '164', '8', '1981-04-08'),
('416', '126', '15', '1991-07-22'),
('417', '115', '17', '2011-10-04'),
('418', '107', '0', '1991-11-17'),
('419', '37', '10', '2008-01-17'),
('420', '134', '8', '1976-03-24'),
('421', '139', '11', '2009-09-17'),
('422', '191', '18', '1998-10-03'),
('423', '88', '5', '1994-02-17'),
('424', '134', '1', '2003-07-27'),
('425', '82', '11', '2013-03-07'),
('426', '23', '10', '2002-12-29'),
('427', '29', '0', '1988-05-04'),
('428', '79', '9', '2005-11-24'),
('429', '160', '0', '1991-03-31'),
('430', '165', '14', '1981-09-20'),
('431', '9', '17', '1979-05-18'),
('432', '170', '12', '1980-11-13'),
('433', '186', '9', '2001-06-28'),
('434', '195', '15', '1993-10-01'),
('435', '12', '16', '1974-11-20'),
('436', '157', '7', '1981-07-10'),
('437', '198', '2', '1993-02-24'),
('438', '47', '19', '2014-01-04'),
('439', '162', '15', '1979-07-05'),
('440', '123', '10', '2008-09-02'),
('441', '71', '0', '1975-07-08'),
('442', '116', '17', '2006-03-10'),
('443', '103', '15', '1991-02-28'),
('444', '138', '19', '1995-02-25'),
('445', '140', '7', '2012-05-02'),
('446', '165', '0', '2012-03-10'),
('447', '182', '16', '1988-07-17'),
('448', '94', '4', '1971-12-18'),
('449', '152', '4', '1972-07-30'),
('450', '105', '18', '1995-09-24'),
('451', '184', '9', '1979-01-06'),
('452', '85', '6', '1992-02-07'),
('453', '19', '2', '1982-02-05'),
('454', '28', '13', '1978-12-13'),
('455', '5', '9', '2001-10-12'),
('456', '46', '12', '1975-06-07'),
('457', '84', '17', '1992-11-06'),
('458', '131', '0', '2013-02-12'),
('459', '187', '10', '1984-11-04'),
('460', '118', '17', '1974-07-29'),
('461', '76', '19', '2001-02-28'),
('462', '197', '3', '2000-09-30'),
('463', '88', '3', '1975-02-12'),
('464', '192', '17', '2013-06-14'),
('465', '179', '17', '2009-07-20'),
('466', '175', '5', '1992-01-02'),
('467', '8', '4', '2002-12-17'),
('468', '156', '8', '1978-06-23'),
('469', '65', '12', '2013-07-14'),
('470', '115', '13', '2009-03-21'),
('471', '112', '6', '2009-11-18'),
('472', '180', '5', '1977-09-07'),
('473', '96', '15', '2005-12-30'),
('474', '23', '10', '1984-06-07'),
('475', '39', '16', '1976-12-07'),
('476', '161', '19', '1997-02-26'),
('477', '150', '1', '1993-09-14'),
('478', '184', '16', '2000-04-07'),
('479', '81', '18', '1981-02-16'),
('480', '180', '2', '1973-08-10'),
('481', '106', '11', '1977-10-29'),
('482', '179', '17', '2006-01-14'),
('483', '2', '16', '1981-01-12'),
('484', '8', '15', '1977-10-26'),
('485', '46', '4', '1982-06-12'),
('486', '30', '7', '1982-12-01'),
('487', '26', '13', '1976-07-01'),
('488', '114', '14', '1977-05-15'),
('489', '36', '18', '2002-02-04'),
('490', '174', '17', '2006-11-04'),
('491', '49', '9', '1999-02-23'),
('492', '107', '1', '2003-10-20'),
('493', '197', '10', '2007-04-06'),
('494', '36', '18', '1990-01-27'),
('495', '189', '19', '1998-12-10'),
('496', '89', '17', '2006-02-18'),
('497', '28', '6', '2005-10-05'),
('498', '189', '13', '2006-12-08'),
('499', '21', '5', '2006-07-31');

CREATE TABLE `Contacto` (
   `Cuit` int(11),
   `Telefono` decimal(10,0),
   `Cumpleanos` date,
   `Nombre_Contacto` varchar(20),
   `Email` varchar(60),
   `ID_Contacto` int(4) not null auto_increment,
   PRIMARY KEY (`ID_Contacto`)
) ENGINE=InnoDB DEFAULT CHARSET=utf8 AUTO_INCREMENT=1001;

INSERT INTO `Contacto` (`Cuit`, `Telefono`, `Cumpleanos`, `Nombre_Contacto`, `Email`, `ID_Contacto`) VALUES 
('777319117', '6429705337', '1972-10-04', 'Eduardo Bashirian MD', 'eulalie33@example.com', '1'),
('988134698', '5345158131', '2011-01-10', 'Shantel Boehm', 'alberto41@example.net', '2'),
('456146280', '8681295608', '1999-12-13', 'Buffy Aufderhar', 'kdaniel@example.com', '3'),
('425144880', '2690781946', '1973-12-16', 'Dane Quigley', 'vconn@example.net', '4'),
('746322683', '389640958', '2006-10-17', 'Nicklaus Mertz', 'davina33@example.com', '5'),
('894686808', '4269537577', '1974-06-11', 'Windell Rice', 'wbeatty@example.com', '6'),
('318916132', '2590623447', '2002-02-11', 'Mr  Oscar Flatley', 'beahan.izayah@example.net', '7'),
('623153250', '7904081392', '2014-06-15', 'Zilpah Sawayn', 'mckenzie.michal@example.com', '8'),
('954327504', '2818399894', '1978-07-09', 'Mr  Zavion Botsford', 'dillan.pacocha@example.net', '9'),
('684441294', '4859323251', '2002-03-22', 'Ms  Manuela Boyer', 'buddy.block@example.net', '10'),
('21650940', '1955714969', '1994-01-28', 'Mr  Stanislaus Volkm', 'maryann37@example.org', '11'),
('333369759', '3717665505', '1988-06-30', 'Margarita Fay PhD', 'fhand@example.org', '12'),
('426730426', '914728670', '1986-11-01', 'Yetta Gulgowski', 'lilyana.sipes@example.com', '13'),
('57466798', '6697521454', '1975-08-18', 'Esau Boyer', 'connie.bauch@example.com', '14'),
('533088547', '3828213790', '1994-05-09', 'Emilia Wilkinson', 'collier.mae@example.net', '15'),
('910312165', '7590043555', '2008-07-13', 'Alferd Dickinson', 'white.devante@example.net', '16'),
('402633366', '2709967945', '2012-08-24', 'Alyce Douglas', 'iesha.veum@example.com', '17'),
('434370118', '6315907635', '1976-01-07', 'Dr  Aubree Bahringer', 'fkilback@example.org', '18'),
('578425667', '7344192900', '2003-08-30', 'Susan Littel', 'derdman@example.com', '19'),
('32314060', '7676381967', '1992-12-05', 'Mrs  Merri Reilly', 'hkuhlman@example.com', '20'),
('923439214', '8661645785', '1979-02-17', 'Beatriz Von', 'ifeeney@example.net', '21'),
('671913460', '9892589268', '2008-05-12', 'Dr  Duwayne Zboncak ', 'stoltenberg.brandin@example.net', '22'),
('47772666', '2568251711', '2013-08-02', 'Augusta Williamson', 'edris.ziemann@example.net', '23'),
('553833785', '4209842835', '1989-10-10', 'Merlene Morissette', 'shelley75@example.net', '24'),
('788965012', '4363780689', '2000-09-22', 'Miss Clare Hackett D', 'bins.posey@example.org', '25'),
('925563387', '4994052091', '1997-08-10', 'Dolly Koelpin', 'von.dominick@example.net', '26'),
('898186395', '8120168195', '1980-04-25', 'Julianne Swaniawski', 'fisher.lilburn@example.org', '27'),
('310398951', '9958066377', '1975-06-16', 'Demarion Yundt MD', 'lavonia.lind@example.net', '28'),
('400193701', '7983552936', '1986-09-23', 'Katelynn Larson', 'xkoelpin@example.net', '29'),
('854979882', '3016016679', '1980-07-20', 'Butler Herzog', 'sydnie48@example.net', '30'),
('44106390', '4293290966', '1979-05-20', 'Hymen Pouros', 'greggory83@example.com', '31'),
('167922369', '2834566118', '2006-12-16', 'Nikia Hahn', 'marvel10@example.net', '32'),
('531722717', '8780160620', '1980-12-13', 'Elisabeth Quigley', 'oritchie@example.org', '33'),
('61849227', '4846465100', '2001-11-11', 'Kathlyn Bins PhD', 'rhoda.runolfsson@example.net', '34'),
('975918226', '1739895388', '1983-02-02', 'Fabian Ortiz', 'kristopher.gottlieb@example.com', '35'),
('197282603', '2304409068', '1996-07-10', 'Loriann Harvey', 'pearl87@example.net', '36'),
('53681786', '337570197', '1991-01-25', 'Venice West', 'lowe.kizzie@example.net', '37'),
('102110580', '8236933558', '1971-02-04', 'Leonidas Padberg', 'trath@example.net', '38'),
('804254464', '6788562150', '1974-08-29', 'Ramon Fritsch', 'htowne@example.org', '39'),
('504576830', '8327486549', '2005-03-19', 'Van Denesik', 'helyn.rippin@example.net', '40'),
('70494868', '1918628284', '2004-02-29', 'Deeann Heller', 'aaron79@example.org', '41'),
('976815654', '1226506962', '1979-12-25', 'Jenifer Koss', 'rohan.gerard@example.com', '42'),
('62866309', '6904722832', '1975-03-31', 'Zula Huel', 'evette.feil@example.org', '43'),
('345274499', '3622638632', '2002-09-05', 'William Schimmel', 'gblock@example.com', '44'),
('395295073', '5259440821', '1978-12-14', 'Glenna Murphy', 'chynna.macejkovic@example.org', '45'),
('492079553', '2191028625', '1973-01-09', 'Geoffrey Bergstrom', 'leuschke.luc@example.com', '46'),
('973097505', '604270764', '1985-04-11', 'Angelina Hirthe', 'harden27@example.org', '47'),
('160885940', '3555759468', '2011-07-29', 'Andrew Fay', 'turcotte.renata@example.net', '48'),
('444555463', '8262492707', '1972-04-20', 'Reva Kovacek', 'jerde.josef@example.org', '49'),
('70451033', '7161586897', '1999-06-01', 'Eliga Kertzmann', 'emile32@example.org', '50'),
('728832957', '7894702579', '1984-08-23', 'Mrs  Marin Macejkovi', 'jamison49@example.com', '51'),
('775281', '7255784307', '1990-03-21', 'Emory Reichel I', 'rogelio.gerlach@example.net', '52'),
('732446480', '9003696159', '2002-07-11', 'Ms  Kaylin Rath', 'parker.zackary@example.com', '53'),
('615879225', '6710353142', '2000-08-05', 'Luvinia Berge', 'schaefer.jobe@example.net', '54'),
('688224599', '6826574136', '2007-08-24', 'Maddox Welch', 'dock.zieme@example.org', '55'),
('373720949', '6783068795', '1990-01-10', 'Berneice Ondricka', 'nicolas.jaylon@example.com', '56'),
('300642954', '8943362263', '1992-05-05', 'Jarret Collier', 'peter.mcdermott@example.org', '57'),
('329756139', '5281519590', '1977-01-24', 'Mack Fadel', 'berton37@example.net', '58'),
('167821385', '5029357975', '2001-02-02', 'Junie Morar PhD', 'xhalvorson@example.com', '59'),
('158317101', '701090992', '2010-08-04', 'Stacy Predovic', 'nflatley@example.com', '60'),
('848932652', '1775459162', '1977-11-09', 'Mr  Dashawn Jaskolsk', 'randolf57@example.net', '61'),
('804543665', '5218143357', '1989-12-21', 'Debbi Erdman', 'stoney12@example.org', '62'),
('418295178', '61747583', '1971-08-25', 'Rueben Gleason', 'willaim21@example.org', '63'),
('794779059', '2440379521', '1987-04-05', 'Virgie Cremin', 'bradtke.konner@example.com', '64'),
('367746074', '4797224052', '1972-04-26', 'Ardeth Mayer', 'ikonopelski@example.net', '65'),
('427177837', '1931296534', '1974-11-04', 'Etter Quigley', 'ema64@example.com', '66'),
('891806967', '5291011768', '2012-07-06', 'Lindell Brown V', 'brook.mcglynn@example.org', '67'),
('462652239', '9864393051', '1998-12-18', 'Dr  Artis Schoen II', 'catharine97@example.com', '68'),
('478893976', '8384714116', '2008-07-23', 'Dr  Benjman Keebler ', 'hkiehn@example.net', '69'),
('298108879', '6270728161', '1996-10-07', 'Ashlee Emard', 'icollins@example.net', '70'),
('661205840', '3918678269', '1992-01-29', 'Ashleigh Jones', 'zilpha.ebert@example.net', '71'),
('724759294', '3865466752', '1987-10-15', 'Milly Ortiz', 'chanelle.effertz@example.net', '72'),
('730086464', '9539881405', '1991-05-20', 'Dr  Haven Stracke', 'wyman.hirthe@example.net', '73'),
('691455730', '2373275061', '1995-11-14', 'Montana Dooley', 'posey34@example.com', '74'),
('52825309', '6877733228', '1975-09-15', 'Clara Will', 'ronnie04@example.com', '75'),
('716924076', '2048146600', '2013-02-16', 'Amiah Haley', 'pkertzmann@example.org', '76'),
('17583237', '5017694276', '1988-08-31', 'Miss Ethelyn Lockman', 'mhoppe@example.org', '77'),
('702442848', '6556214517', '1995-10-15', 'Bryanna Simonis DDS', 'twindler@example.org', '78'),
('57934146', '7313209068', '2013-03-23', 'Leoma Bogan', 'pauline67@example.com', '79'),
('967541812', '7173625350', '2001-02-10', 'Dr  Ozell Larson MD', 'genesis.kutch@example.net', '80'),
('738256014', '5119478627', '1990-06-16', 'Oda Grimes', 'banks.shields@example.net', '81'),
('86701708', '9195488328', '2013-06-26', 'Gonzalo Cole', 'zieme.arthor@example.org', '82'),
('658966877', '9483868373', '1995-03-10', 'Mr  Ali Pfeffer MD', 'love72@example.org', '83'),
('136881621', '1865991396', '1990-03-12', 'Mrs  Chelsey Mraz MD', 'wspinka@example.org', '84'),
('586470832', '561934838', '1993-05-07', 'Katarina Paucek', 'gmoen@example.com', '85'),
('572415469', '2202287661', '2009-07-02', 'Dr  Randel Lehner', 'treilly@example.com', '86'),
('344780190', '2374887659', '2000-12-25', 'Pepper Murphy PhD', 'dannie.rau@example.org', '87'),
('682445033', '9687320992', '1978-02-24', 'Mrs  Ericka Pacocha ', 'bauch.ralph@example.org', '88'),
('298280106', '6304444761', '1977-12-15', 'Sharlene Klocko', 'maymie.heaney@example.net', '89'),
('352110012', '4478517116', '1994-06-22', 'Dedric Bogisich', 'floy18@example.com', '90'),
('446845994', '6045211670', '2010-02-01', 'Dola Braun DDS', 'lawanda69@example.net', '91'),
('947353857', '5026753247', '1985-07-04', 'Errol Murazik I', 'jabbott@example.org', '92'),
('957410105', '4417544745', '1975-06-26', 'Joycelyn Frami', 'nflatley@example.com', '93'),
('39378742', '1150650345', '1984-11-17', 'Kalvin Grant', 'murl.schuster@example.net', '94'),
('398452054', '5340778795', '1973-07-02', 'Emery Von', 'cathie.ryan@example.net', '95'),
('663605958', '1430281067', '2006-07-15', 'Miss Lynette Hoeger ', 'doyle.dominique@example.org', '96'),
('284985452', '2030194725', '1978-08-20', 'Miss Jean Ward DVM', 'corry99@example.net', '97'),
('344101002', '4831089214', '2006-10-24', 'Nevin Fadel', 'medhurst.derrek@example.net', '98'),
('350499759', '6726696740', '1994-01-17', 'Lolita Weissnat', 'jaunita.berge@example.com', '99'),
('92523831', '1428774797', '1989-11-12', 'Ott Dooley', 'agerhold@example.org', '100'),
('79346456', '106258751', '1978-10-03', 'Curtis Hermiston PhD', 'tresa33@example.org', '101'),
('223981387', '9142555180', '1980-08-25', 'Gearldine Nicolas', 'deon95@example.net', '102'),
('218775707', '7341728405', '1980-03-10', 'Mr  Urban Schinner P', 'streich.minerva@example.net', '103'),
('537756494', '1050407797', '2006-03-08', 'Dr  Niles Ondricka I', 'brown.schmidt@example.com', '104'),
('322998739', '4998937092', '1982-10-20', 'Shyann Harris', 'tbatz@example.com', '105'),
('402708489', '2610059565', '1995-12-09', 'Dimitrios Auer', 'tdouglas@example.org', '106'),
('399592839', '3101899430', '1976-05-15', 'Ottie Ebert', 'srenner@example.com', '107'),
('76982122', '3492278981', '2007-06-06', 'Pierce Lowe', 'gladis.trantow@example.org', '108'),
('755288202', '8234588682', '1970-08-18', 'Linus Weber', 'zebulon.hammes@example.org', '109'),
('415285450', '6733083870', '1974-06-18', 'Miss Shirleyann Mosc', 'grady.heidenreich@example.net', '110'),
('548826916', '2734029551', '1995-10-05', 'Miss Jodie Anderson ', 'glemke@example.org', '111'),
('839000858', '1087314683', '2006-01-08', 'Kendal Fadel', 'bridget92@example.com', '112'),
('497257299', '8360918270', '2010-07-18', 'Izaiah Padberg', 'fklocko@example.org', '113'),
('946341626', '3332086314', '1972-12-31', 'Leonel Brown', 'roseanna.balistreri@example.net', '114'),
('725172839', '7104991783', '1973-01-29', 'Verdie Farrell', 'gstracke@example.org', '115'),
('499554911', '8205162625', '1977-05-27', 'Ardis Reilly', 'mills.sabrina@example.com', '116'),
('564145554', '9380692744', '1999-01-09', 'Hayden Schulist', 'lutie.kovacek@example.org', '117'),
('555224921', '7391493314', '1970-09-01', 'Bode Braun', 'barrows.donavan@example.org', '118'),
('22792903', '5904096758', '2013-03-08', 'Gussie Mante', 'samuel48@example.net', '119'),
('938765599', '7701035818', '1996-08-16', 'Dr  Belle Altenwerth', 'dach.tasia@example.com', '120'),
('631395303', '485594514', '2000-02-06', 'Dr  Arman Ortiz IV', 'suzann.windler@example.net', '121'),
('488610801', '5734988545', '2001-06-29', 'Wava Goodwin', 'myranda.marquardt@example.net', '122'),
('344051189', '2394308392', '2011-12-19', 'Phil Stark', 'alondra08@example.net', '123'),
('637294607', '3924357282', '1973-03-05', 'Abby Abernathy', 'mraz.deliah@example.com', '124'),
('992978936', '9538527564', '2001-01-17', 'Mr  Zayne Ritchie Ph', 'tonda66@example.net', '125'),
('883407574', '7444226683', '1991-05-06', 'Jaymes Bergnaum', 'hahn.minor@example.org', '126'),
('164235818', '2608285065', '2010-03-10', 'Harvie Hermann', 'osborne87@example.net', '127'),
('792098717', '2121240173', '2000-09-26', 'Myranda Wyman', 'oneal51@example.net', '128'),
('263235789', '4399248381', '1999-09-27', 'Tammie Kerluke DDS', 'brittni12@example.com', '129'),
('830614214', '7764620603', '1975-10-03', 'Ofelia Gerhold', 'antonio64@example.org', '130'),
('728144510', '3822954368', '2010-04-06', 'Margarito Murazik', 'doyle35@example.net', '131'),
('524070046', '4845999517', '1974-11-28', 'Chadwick Towne', 'ybalistreri@example.net', '132'),
('617074137', '5063398117', '2006-04-21', 'Dominick Shanahan Jr', 'patsy.beier@example.org', '133'),
('775547300', '6714095689', '1974-11-19', 'Arvil Braun', 'odis.shields@example.com', '134'),
('272782336', '2363953472', '1975-07-23', 'Mauro Runolfsson', 'kaylene.wintheiser@example.com', '135'),
('142668760', '9851638335', '1995-07-26', 'Catherine Fisher', 'leonidas.denesik@example.com', '136'),
('896942271', '8687347121', '1972-06-16', 'Cilla Shields PhD', 'kandace34@example.com', '137'),
('967925047', '2329545512', '1981-10-19', 'Dr  Sullivan Collier', 'amber.cormier@example.org', '138'),
('399660886', '8509803149', '1983-11-14', 'Ms  Tamiko Kirlin Ph', 'doyle.alwilda@example.org', '139'),
('935936936', '516002081', '1972-12-23', 'Kiley White', 'hobert05@example.net', '140'),
('955482293', '7825790649', '1981-06-29', 'Ms  Chelsy Dietrich', 'dani29@example.org', '141'),
('232610006', '1397426810', '2012-04-22', 'Miss Ally Hayes DVM', 'dickie03@example.org', '142'),
('210080041', '6596821263', '2011-08-18', 'Mrs  Luetta Feil PhD', 'mccullough.carissa@example.org', '143'),
('187908399', '7689464003', '2005-02-24', 'Kamryn Pagac', 'tilman76@example.org', '144'),
('883518127', '2963996679', '1981-06-12', 'Roxanna Bogan', 'ted.carroll@example.org', '145'),
('403405604', '8103607495', '1996-07-10', 'Kalvin Kling', 'lu34@example.com', '146'),
('332476664', '7118675185', '2000-04-29', 'Kieth Satterfield IV', 'shanequa05@example.com', '147'),
('601022255', '1778174424', '1997-06-19', 'Dr  Asberry Collier', 'ebins@example.com', '148'),
('90050717', '5181539008', '1974-04-20', 'Marguerite Rowe', 'omitchell@example.com', '149'),
('274683446', '2261420875', '2005-04-08', 'Willis Beier', 'smitham.ardella@example.net', '150'),
('365296001', '2684867165', '1996-09-16', 'Leonce Lueilwitz', 'clemon07@example.net', '151'),
('610629521', '1720248512', '1980-09-18', 'Lonie Renner V', 'cruz.bauch@example.com', '152'),
('484368153', '2673239530', '1975-03-26', 'Roselyn Ondricka', 'windler.park@example.com', '153'),
('544037739', '319816763', '2011-01-05', 'Waneta Boyle', 'pschmidt@example.net', '154'),
('175588868', '4062021422', '1983-10-08', 'Zandra O Keefe', 'colon64@example.com', '155'),
('975193000', '5581186736', '2007-03-11', 'Francis Bruen DDS', 'cammie91@example.org', '156'),
('76169313', '3780524230', '1994-11-26', 'Dr  Kyle Kilback III', 'ykovacek@example.net', '157'),
('895474877', '2691311477', '1991-02-11', 'Tinnie Walter', 'iwiegand@example.net', '158'),
('792361693', '2083545213', '1998-01-21', 'Mrs  India Borer DDS', 'griffith98@example.com', '159'),
('903120477', '3204946435', '1998-04-27', 'Flor Quitzon', 'ocormier@example.net', '160'),
('450209775', '7385716461', '1994-06-25', 'Bunk Schaefer', 'jannie.bogisich@example.com', '161'),
('621584490', '7893306971', '2002-05-09', 'Ms  Manda Lueilwitz', 'elfie49@example.com', '162'),
('441877581', '1705466466', '2001-01-21', 'Malvina Howell PhD', 'fabiola.fay@example.com', '163'),
('171719530', '9237267217', '2009-01-23', 'Kirstie Schimmel', 'maura.dooley@example.org', '164'),
('864290429', '3526628077', '1974-07-07', 'Jesse Pagac', 'lidia60@example.com', '165'),
('751695740', '1998001618', '2001-11-18', 'Tamie Mueller', 'domenick10@example.com', '166'),
('959728339', '2906711745', '1994-12-22', 'Amey Kautzer', 'lubowitz.jessi@example.org', '167'),
('923406743', '8442433481', '1981-12-02', 'Susana Hauck', 'nayely31@example.net', '168'),
('630131743', '9886655622', '1972-02-03', 'Rogers Cummings', 'ogreenholt@example.net', '169'),
('51675996', '2592425869', '1993-05-10', 'Mossie Schuster', 'kkrajcik@example.net', '170'),
('986224173', '314398149', '1979-05-20', 'Tal Emard', 'claudius50@example.net', '171'),
('791945252', '2665187122', '1988-01-21', 'Perley Schamberger', 'zstrosin@example.net', '172'),
('294763326', '733748073', '2008-05-15', 'Dr  Ottie Bednar', 'oschamberger@example.org', '173'),
('421153745', '2013914656', '1989-04-27', 'Elian Collier', 'shellie03@example.org', '174'),
('631086241', '6948381178', '2002-09-09', 'Alyse Bailey DDS', 'estella.schuppe@example.org', '175'),
('347896985', '1273449437', '2007-05-24', 'Mahlon Pollich Sr ', 'crist.lugenia@example.com', '176'),
('915997676', '9797281963', '2010-01-04', 'Christie Feeney', 'lritchie@example.net', '177'),
('480766652', '4880464243', '1979-04-20', 'Rae Stehr DDS', 'toy17@example.com', '178'),
('514727548', '6215928224', '1994-08-09', 'Othel Haag', 'enola.pagac@example.org', '179'),
('652691407', '3456346465', '1988-01-18', 'Lilyana Price', 'emard.boysie@example.com', '180'),
('635340531', '1132698238', '1983-03-13', 'Delvin Haag', 'lukas.adams@example.com', '181'),
('754679434', '7985000392', '2011-04-02', 'Doshie Pacocha', 'frami.coralie@example.org', '182'),
('736350989', '7057713491', '1973-02-18', 'Napoleon Welch', 'grady.kiya@example.com', '183'),
('225299666', '7186668986', '1982-01-17', 'Mrs  Pepper Dach', 'hahn.estrella@example.net', '184'),
('444982765', '8799248237', '2003-01-02', 'Tamala Huel', 'minoru53@example.org', '185'),
('954609486', '3958005172', '2014-04-22', 'Trayvon Jaskolski', 'marcelino57@example.com', '186'),
('369196013', '5647892809', '1974-03-09', 'Dr  Rodrick Larkin', 'marguerite.feil@example.com', '187'),
('959942364', '9728883484', '1983-11-04', 'Suzann Gleason', 'idell06@example.com', '188'),
('513673958', '2660060175', '2014-05-22', 'Charles Hahn Sr ', 'feest.tegan@example.org', '189'),
('317935535', '3166425216', '1978-12-31', 'Euna Thompson', 'dooley.harvy@example.org', '190'),
('477372554', '814100421', '1984-09-02', 'Salvador Huel Jr ', 'uharber@example.net', '191'),
('621577410', '5234917346', '1995-06-30', 'Vonda Lang MD', 'sheree70@example.com', '192'),
('355415927', '3717946592', '1975-12-03', 'Cameron Zboncak', 'waneta.emmerich@example.com', '193'),
('854924716', '1641693566', '1982-12-08', 'Nakia Mills III', 'brandy78@example.com', '194'),
('424514415', '1095845921', '2000-03-07', 'Dr  Asberry Casper', 'evie72@example.com', '195'),
('908403013', '6597789531', '2000-10-03', 'Karim DuBuque', 'konopelski.kason@example.net', '196'),
('921550363', '1228693123', '1973-05-10', 'Dr  Torrey Anderson ', 'ubraun@example.com', '197'),
('593437859', '4497715255', '1983-07-07', 'Victor Yundt', 'vboehm@example.com', '198'),
('903444393', '8197502794', '1970-07-01', 'Esau Ritchie', 'vfeil@example.com', '199'),
('382954531', '9668364976', '1980-03-11', 'Jajuan Hickle', 'mgislason@example.net', '200'),
('719696874', '2387180188', '1970-06-29', 'Graves Turner', 'oernser@example.org', '201'),
('885842568', '5419668921', '1981-04-29', 'Agustin Hudson', 'lissette96@example.net', '202'),
('849901609', '5533422752', '2010-08-02', 'Muriel Lueilwitz', 'fmayert@example.net', '203'),
('757770203', '8185537927', '2008-10-14', 'Lenon Harris', 'zschumm@example.com', '204'),
('738287477', '9520342881', '1996-07-03', 'Katrina Krajcik', 'rollie.leuschke@example.org', '205'),
('717021073', '1295456601', '1980-02-21', 'Miss Charlottie Schu', 'ewin.kovacek@example.com', '206'),
('870369312', '860988724', '1986-09-30', 'Jule Orn', 'oswald.auer@example.com', '207'),
('523485065', '7955634822', '2003-09-24', 'Torrance Lemke IV', 'abatz@example.com', '208'),
('495047402', '9540051476', '1983-08-10', 'Natalya Walker', 'dparisian@example.com', '209'),
('303459050', '584580507', '1988-02-27', 'Dr  Brantley O Reill', 'hortensia73@example.net', '210'),
('396529256', '3125713372', '2012-06-16', 'Dejon Barrows', 'hcrist@example.com', '211'),
('764613981', '2042069907', '1989-08-26', 'Veta Ritchie', 'equigley@example.com', '212'),
('930884164', '6211980624', '2002-06-04', 'Damon Walter', 'lrippin@example.net', '213'),
('981831708', '2048912944', '1992-06-11', 'Hardy Paucek', 'xlarson@example.org', '214'),
('982572234', '5521813952', '1994-05-18', 'Dr  Lyn Rogahn', 'ciera15@example.org', '215'),
('330878452', '8048157046', '1973-12-16', 'Cyrus Cruickshank', 'earlene54@example.com', '216'),
('605639705', '4932465207', '1991-09-08', 'Dr  Kieran Friesen', 'dolph97@example.net', '217'),
('460550372', '9496474611', '1992-09-17', 'Mr  Geo Mayer', 'areichert@example.org', '218'),
('457331598', '1791022050', '1991-02-16', 'Coleman Christiansen', 'marlyn08@example.com', '219'),
('496607822', '4488622003', '1985-01-17', 'Norton Kutch', 'herzog.haley@example.net', '220'),
('917425850', '4193237800', '1975-08-26', 'Miss Coraima McClure', 'cohen.okon@example.net', '221'),
('398161622', '8120840071', '1981-08-04', 'Ricci Windler', 'gerhardt09@example.com', '222'),
('33678528', '9796862840', '1992-06-26', 'Allen Bauch', 'xortiz@example.com', '223'),
('196995451', '1740414754', '1992-10-23', 'Hays Spencer', 'ncorwin@example.com', '224'),
('118461736', '3547045857', '2003-11-03', 'Ephram Bechtelar', 'adda95@example.org', '225'),
('651234383', '8153193988', '1977-09-12', 'Dr  Ezra Champlin', 'elijah90@example.net', '226'),
('229865465', '9703689564', '2003-11-24', 'Dr  Torrance Bradtke', 'tjacobson@example.org', '227'),
('943764863', '9716423920', '1977-10-14', 'Annabell Kuphal', 'damore.amelia@example.com', '228'),
('958082123', '4894972244', '2007-04-08', 'Wilfred Hintz', 'rwalsh@example.net', '229'),
('625707979', '8962201', '1985-11-05', 'Fernando Gaylord Jr ', 'bernetta50@example.net', '230'),
('376847182', '2598247155', '1976-07-17', 'Dr  Aedan Powlowski', 'ylang@example.com', '231'),
('198346917', '8176896400', '2007-01-03', 'Letta Wolff', 'shoji81@example.com', '232'),
('357912944', '1356814880', '1992-11-12', 'Scotty Collier', 'gleichner.jon@example.com', '233'),
('619077256', '1101447998', '1987-05-08', 'Tremaine Crist', 'berge.lorene@example.com', '234'),
('91990038', '5999501454', '1991-12-28', 'Delmer Abernathy', 'ireland.hegmann@example.com', '235'),
('326709039', '9929427625', '2012-12-30', 'Amil Bergnaum', 'rahsaan.thiel@example.net', '236'),
('172480058', '9809659429', '2002-06-16', 'Nita Bednar', 'cbosco@example.net', '237'),
('487670328', '6727893350', '2002-08-04', 'Dr  Andy Windler', 'walton.vonrueden@example.org', '238'),
('341882463', '5412396005', '2004-08-03', 'Carmen Schneider', 'mohr.abbigail@example.net', '239'),
('598746345', '7030414058', '2013-07-27', 'Beecher Legros', 'aabbott@example.net', '240'),
('358265282', '5374182292', '1992-11-14', 'Cappie Reynolds', 'ggreen@example.com', '241'),
('864021065', '172668248', '1981-08-28', 'Schley Prosacco', 'enriqueta24@example.org', '242'),
('269836275', '8242985283', '2002-03-07', 'Dr  Deven Kautzer DD', 'schuster.margot@example.org', '243'),
('62897788', '7136840377', '1985-04-12', 'Nils Fahey', 'stoltenberg.santo@example.net', '244'),
('999149194', '85974596', '1999-10-30', 'Namon McCullough', 'gennie.gutkowski@example.org', '245'),
('965141810', '1402742471', '1975-05-17', 'Bernetta Rempel', 'reba.cummerata@example.com', '246'),
('259769647', '2680262630', '2009-07-15', 'Adriene Cremin DDS', 'rosann.hilpert@example.org', '247'),
('812041645', '4451137300', '1972-05-05', 'Mrs  Shelley Brown M', 'njacobs@example.com', '248'),
('976000512', '3111931574', '1987-02-03', 'Miss Zara McKenzie M', 'jerrell.swaniawski@example.org', '249'),
('336159835', '1871782976', '1984-02-22', 'Amaris Champlin', 'edyth.gottlieb@example.com', '250'),
('307999792', '5863244739', '2006-08-08', 'Mrs  Shamika Daugher', 'fgutkowski@example.com', '251'),
('886430139', '8988956063', '2005-10-20', 'Kelly Stracke IV', 'mertz.jean@example.org', '252'),
('72978688', '189768592', '1979-08-07', 'Nikolai Pfannerstill', 'lwalker@example.net', '253'),
('493193538', '8896422655', '1975-02-01', 'Mr  Mikeal Kuphal', 'luettgen.paula@example.net', '254'),
('504724491', '7656812238', '1989-12-06', 'Mr  Kason Zieme II', 'parthenia20@example.com', '255'),
('657646448', '1098038787', '2012-09-14', 'Lonnie Abshire', 'johnna57@example.org', '256'),
('584443203', '2713436160', '1976-11-29', 'Ms  Lucina Botsford', 'blanda.aurelio@example.net', '257'),
('622559943', '5528589588', '1991-01-08', 'Chauncy Swaniawski', 'eswaniawski@example.com', '258'),
('332179805', '5685367768', '1989-06-29', 'Davion Champlin', 'tquitzon@example.org', '259'),
('311739242', '5291122721', '2005-10-10', 'Miss Kaiya Harber DV', 'gmoen@example.com', '260'),
('632393162', '9730519244', '1974-12-04', 'Thompson Maggio', 'kori.morar@example.org', '261'),
('117016448', '849505340', '2009-07-09', 'Dr  Hayes Ward', 'lbins@example.net', '262'),
('798999119', '7608491541', '1971-03-04', 'Daniel Heller', 'algernon.hand@example.com', '263'),
('133467263', '4245135926', '1979-12-23', 'Ludwig Hodkiewicz', 'rdaniel@example.org', '264'),
('452135350', '606406915', '1985-10-14', 'Nataly Dickinson', 'anna36@example.org', '265'),
('81339206', '4951588151', '1978-10-09', 'Kattie Donnelly', 'tristan.klein@example.com', '266'),
('513770023', '3662232678', '1993-08-30', 'Schley Fisher', 'zieme.kailyn@example.com', '267'),
('217002049', '9286769764', '1983-07-29', 'Lawrance Satterfield', 'clara41@example.net', '268'),
('48957190', '1053277519', '1976-09-27', 'Leeroy Vandervort', 'batz.georgene@example.org', '269'),
('868753247', '200604280', '1975-11-04', 'Maleah Feest', 'keaton56@example.com', '270'),
('224140619', '3328937320', '1986-04-17', 'Dr  Rich Ankunding', 'ikulas@example.com', '271'),
('611568873', '7625306201', '2000-08-14', 'Mignon Fadel', 'marcela.champlin@example.com', '272'),
('861809984', '2104360334', '1987-08-22', 'Delmus Cartwright', 'tana.johnston@example.com', '273'),
('344480566', '3291400656', '2013-08-26', 'Linn Smith', 'ibeier@example.org', '274'),
('281748702', '682707246', '1997-07-09', 'Michial Konopelski', 'wehner.lakeshia@example.com', '275'),
('142354711', '6977212088', '2013-05-29', 'Bell Marquardt', 'celie16@example.net', '276'),
('246764758', '2493505737', '2012-09-08', 'Mahalia Lueilwitz DV', 'jjohns@example.com', '277'),
('988775798', '5183456881', '1981-11-21', 'Kaden Schulist', 'hane.arra@example.net', '278'),
('416349344', '7520481828', '1985-03-20', 'Zara Gislason PhD', 'jimmy22@example.org', '279'),
('463383520', '9527086575', '1998-06-28', 'Dr  Celestia Streich', 'ferdinand.cassin@example.com', '280'),
('961278284', '530574612', '1973-06-10', 'Ananias Rogahn', 'bergnaum.dellia@example.com', '281'),
('172210825', '8566467993', '2011-11-30', 'Adrian Brekke', 'briley65@example.org', '282'),
('545180605', '8875982152', '1993-12-28', 'Peggy Rempel', 'iyana.bradtke@example.org', '283'),
('540415655', '3463453446', '2004-09-06', 'Yurem Zboncak', 'lrohan@example.com', '284'),
('585826412', '2908542411', '1995-03-30', 'Ira Mitchell', 'conn.treyton@example.net', '285'),
('263346559', '3839611500', '1989-06-20', 'Bernardo Abbott', 'dickens.lavada@example.org', '286'),
('982179418', '1049605377', '2004-10-08', 'Ms  Macel Kuphal DDS', 'porter60@example.org', '287'),
('726089147', '2648348608', '1998-02-14', 'Aidan Jakubowski', 'tsanford@example.net', '288'),
('399381717', '7755602803', '1999-05-05', 'Andrea Thiel', 'balistreri.barney@example.net', '289'),
('218512840', '9646352358', '1999-09-05', 'Ms  Brinda Torp', 'mitzi.tremblay@example.com', '290'),
('858380585', '214033887', '1970-07-05', 'Robby Mohr', 'nona.lebsack@example.net', '291'),
('297446844', '7691236920', '1998-12-13', 'Saul Dietrich', 'keyon64@example.com', '292'),
('446962541', '624366870', '1970-01-30', 'Koen Moen', 'parker51@example.org', '293'),
('805727097', '1391213362', '1987-03-01', 'Risa McCullough', 'furman.kreiger@example.net', '294'),
('822538545', '6565684425', '2004-07-17', 'Ezekiel Bruen PhD', 'carrol.dach@example.com', '295'),
('888386203', '4980019989', '1979-01-06', 'Mr  Paul Gleichner', 'egoodwin@example.net', '296'),
('649465284', '9036375528', '1976-02-23', 'Liam Borer', 'emmalee48@example.org', '297'),
('410778828', '5271067778', '1986-10-06', 'Hosteen Mann', 'qquigley@example.net', '298'),
('983355500', '6900849303', '2013-08-21', 'Magdalena Steuber', 'uhartmann@example.org', '299'),
('926774855', '7593721357', '1973-10-08', 'Nunzio Hessel', 'macejkovic.channing@example.org', '300'),
('419471695', '1911751055', '2002-08-14', 'Mrs  Jaida Leannon', 'media87@example.com', '301'),
('185367812', '1068195484', '1996-10-17', 'Shelba Larson MD', 'kohler.gayle@example.net', '302'),
('207694444', '4763004452', '2002-04-06', 'Kalyn King', 'jacquelin.howe@example.net', '303'),
('257720162', '1487821254', '1979-11-10', 'Robbin Stoltenberg', 'hirthe.malvin@example.com', '304'),
('145366954', '5898044239', '1998-10-14', 'Isai Leuschke MD', 'sharita.bins@example.com', '305'),
('524032695', '3367625916', '1974-09-20', 'Laverna Herzog', 'ulises.collier@example.net', '306'),
('180883968', '9895697890', '1979-11-01', 'Omar Bailey PhD', 'okuvalis@example.com', '307'),
('306652106', '1957702484', '1984-09-22', 'Miss Nan Boehm', 'joshua.johnson@example.com', '308'),
('757775244', '775481629', '1996-02-24', 'Kennard Yost', 'beahan.kortney@example.com', '309'),
('364950112', '9505718948', '2006-06-26', 'Lashonda Witting', 'herman.deandre@example.org', '310'),
('877471685', '624274006', '2012-03-17', 'Ms  Rosario Olson', 'alicia.dooley@example.net', '311'),
('396503702', '6563990317', '1994-06-04', 'Jovita Schowalter', 'marvin.johnnie@example.net', '312'),
('44860929', '5800629570', '1994-01-30', 'Shay Auer', 'latonia.rempel@example.org', '313'),
('483416665', '5931600668', '1997-02-08', 'Ham Treutel', 'green.levin@example.net', '314'),
('814818872', '6596958704', '2014-05-13', 'Lilburn Green MD', 'bradley07@example.net', '315'),
('865047349', '3521240761', '1986-02-15', 'Colon Schaden', 'lester16@example.org', '316'),
('555284064', '6960672363', '1994-04-11', 'Jaycob Reinger', 'kamya.stoltenberg@example.com', '317'),
('824405781', '9864102938', '1984-12-05', 'Shelly D Amore', 'armstrong.lyn@example.net', '318'),
('852173305', '9998245175', '1989-04-10', 'Alexus Fisher', 'rosalee14@example.com', '319'),
('201492507', '7294017255', '1997-09-14', 'Elinore Swift', 'pturcotte@example.net', '320'),
('307373767', '3417929050', '2005-06-13', 'Edson Kunze', 'abigayle48@example.org', '321'),
('925190695', '7236648032', '2001-04-13', 'Mr  Orrin Cartwright', 'gbartell@example.com', '322'),
('781212749', '2237108024', '1994-11-22', 'Marva Jewess', 'lkovacek@example.net', '323'),
('203122479', '998704490', '2001-07-23', 'Ms  Jailyn Franecki ', 'kris.strosin@example.net', '324'),
('414454287', '3232484969', '2012-07-28', 'Darrion Nitzsche', 'abbigail.rowe@example.org', '325'),
('562900023', '7510898357', '1991-04-21', 'Miss Augustina Wiza', 'benny19@example.com', '326'),
('317770735', '3780926547', '1987-11-16', 'Ms  Buna Skiles MD', 'cato47@example.com', '327'),
('686140441', '2300163500', '1999-08-21', 'Dr  Luanne Auer MD', 'art25@example.com', '328'),
('474243311', '1074676907', '1975-10-23', 'Ursula Little PhD', 'dparisian@example.com', '329'),
('81641454', '8412142265', '2012-09-13', 'Sophia Larkin', 'roscoe09@example.org', '330'),
('711431119', '8801114812', '1976-05-12', 'Jadiel Satterfield', 'kayley44@example.org', '331'),
('39218456', '3046298941', '1975-01-10', 'Lim Gerlach', 'langosh.chastity@example.com', '332'),
('586538143', '5708049167', '1998-02-19', 'Kelly Schimmel', 'ezzard.walter@example.org', '333'),
('284117564', '9234897185', '1977-06-25', 'Kegan Kilback', 'gail.ebert@example.net', '334'),
('913062122', '2671334910', '2010-12-21', 'Mrs  Mame Reynolds D', 'ucruickshank@example.net', '335'),
('141279905', '7306489967', '1984-09-22', 'Ms  Melanie Walter D', 'nicolas.velva@example.org', '336'),
('208037257', '5881544226', '1978-05-04', 'Ms  Roni Satterfield', 'abbott.clair@example.org', '337'),
('914869567', '5922912387', '1989-07-25', 'Dortha Schuppe', 'rgoldner@example.net', '338'),
('263097971', '1388483203', '2011-08-15', 'Eddie Schamberger', 'phane@example.org', '339'),
('358595737', '3970800111', '1996-04-28', 'Ms  Louvenia Pagac', 'menachem.steuber@example.org', '340'),
('74744718', '1414008432', '1982-07-19', 'Rueben Murphy', 'eduardo.daugherty@example.org', '341'),
('315770631', '6091505974', '1997-08-17', 'Karley Streich', 'kwill@example.net', '342'),
('261593850', '5677676419', '1971-11-08', 'Mrs  Arta Welch', 'ofay@example.com', '343'),
('210690908', '528442558', '2014-01-18', 'Meadow Boyer', 'blanda.margarette@example.org', '344'),
('469079716', '8474260500', '2004-02-10', 'Miss Maleah Sporer P', 'auer.magan@example.com', '345'),
('785824870', '2571367722', '1990-04-16', 'Willia Frami', 'bo.johns@example.org', '346'),
('771614372', '2033104504', '1980-04-30', 'Eleanora Barton', 'elodie.eichmann@example.com', '347'),
('628024702', '5562679298', '2013-06-26', 'Makai Hintz', 'zettie.gibson@example.org', '348'),
('658443569', '3377752587', '1976-02-29', 'May Nitzsche', 'bobbie90@example.org', '349'),
('987665313', '3117552677', '1985-08-04', 'Thora Mosciski', 'connor93@example.org', '350'),
('156407524', '931166607', '1984-07-15', 'Hughey Kshlerin', 'dortha56@example.org', '351'),
('272877047', '2744076315', '2006-10-12', 'Arnav Pacocha', 'jereme47@example.net', '352'),
('900394573', '9571122067', '2001-12-14', 'Dr  Mamie Jones', 'bertie.bergstrom@example.org', '353'),
('282531362', '4346183747', '1976-04-08', 'Jacoby Rutherford', 'mertz.madison@example.net', '354'),
('974486594', '9083813683', '2009-06-25', 'Guthrie Swaniawski', 'jessie.kreiger@example.net', '355'),
('654311726', '1686499394', '2004-02-12', 'Maury Torphy', 'fleuschke@example.com', '356'),
('290779347', '1647846267', '2008-08-21', 'Ms  Orah Trantow', 'khalid.marvin@example.org', '357'),
('108733722', '1592533783', '2006-04-05', 'Aleena Daniel', 'lew.senger@example.net', '358'),
('92395701', '8021695616', '2001-08-18', 'Dr  Carleton Beier D', 'ennis.hickle@example.net', '359'),
('518802218', '2953317966', '1976-08-15', 'Handy Denesik Sr ', 'willms.ivey@example.net', '360'),
('497384278', '1781167662', '1996-06-22', 'Jefferson Rodriguez', 'sal15@example.org', '361'),
('552488374', '5900654924', '2005-01-08', 'Auston Olson', 'candis.wyman@example.com', '362'),
('628841588', '6192152541', '1987-11-23', 'Ms  Rosey McGlynn', 'jerri74@example.com', '363'),
('968201839', '6946878344', '1972-12-14', 'Elaina Wehner', 'ardyce.schmitt@example.com', '364'),
('235631283', '6030105101', '1981-02-08', 'Mrs  Lexus Hintz PhD', 'vgerlach@example.net', '365'),
('58853478', '8613189527', '2008-11-19', 'Millie Wintheiser', 'pamela50@example.com', '366'),
('76406935', '1546894205', '1992-08-17', 'Mr  Jasiah Dicki IV', 'hillary26@example.org', '367'),
('466916713', '2373216737', '2007-09-23', 'Dr  Karsyn Marquardt', 'kessler.thelma@example.net', '368'),
('21640364', '8265117735', '1985-11-10', 'Ronna Russel', 'olena.bayer@example.org', '369'),
('244880218', '9540258428', '1981-08-03', 'Mr  Duff Kutch', 'vfarrell@example.com', '370'),
('456191072', '168664211', '2010-06-06', 'Jeffie Strosin', 'hilary97@example.org', '371'),
('966026436', '3585650281', '2004-08-02', 'Lance Reichel', 'huels.jaidyn@example.com', '372'),
('343422488', '2425489234', '1976-06-14', 'Rylan Funk', 'stracke.tonda@example.net', '373'),
('789978277', '3535383201', '2005-03-01', 'Jaimee Abernathy DDS', 'kaaren59@example.com', '374'),
('429928746', '1529771557', '1977-09-06', 'Della Jast', 'manuela91@example.net', '375'),
('515923849', '9230112513', '1979-10-24', 'Mrs  Melissia Mayer', 'kay.mante@example.org', '376'),
('506489898', '7124457618', '1975-09-21', 'Hoyt Wisozk', 'carroll84@example.net', '377'),
('243984839', '5564815553', '2007-02-03', 'Rosalia Abernathy', 'kurt.moen@example.net', '378'),
('294465347', '3793408229', '1995-05-12', 'Emaline Steuber', 'tracee.crooks@example.com', '379'),
('820983976', '3797328280', '1988-05-28', 'Pablo Stamm', 'keebler.adelard@example.org', '380'),
('910493966', '9585473359', '1996-08-28', 'Asia Renner', 'conroy.violetta@example.com', '381'),
('946656189', '3043831546', '2008-09-02', 'Mr  Gerhardt Kunde I', 'kirlin.antwon@example.net', '382'),
('583727055', '2331763952', '1993-02-27', 'Dr  Joaquin Waelchi ', 'milan.brakus@example.net', '383'),
('933820409', '1686171485', '2004-02-27', 'Trever Sawayn', 'ryan00@example.com', '384'),
('422693032', '5188293438', '2006-08-16', 'Alver DuBuque', 'jenkins.dickie@example.com', '385'),
('252066798', '3737188507', '1979-08-30', 'Gerard Connelly PhD', 'hjenkins@example.org', '386'),
('435314676', '7907415800', '2002-06-05', 'Wilfrid Runolfsson', 'prohaska.alfonzo@example.com', '387'),
('987377676', '2775386086', '1996-07-08', 'Martina Walsh', 'morissette.marcy@example.org', '388'),
('328686509', '1293706490', '1975-06-29', 'Syed Abshire', 'leffler.tori@example.org', '389'),
('363322376', '845608906', '2000-12-28', 'Richard O Kon', 'cremin.parley@example.com', '390'),
('16797380', '3080253214', '2003-07-09', 'Adan Hoppe', 'todd.west@example.com', '391'),
('594748651', '3987933563', '2008-06-04', 'Mr  Amare Kris', 'kpagac@example.net', '392'),
('922251646', '3405166243', '2014-02-15', 'Toivo Kshlerin', 'glynda09@example.net', '393'),
('571867207', '1901940919', '1987-07-25', 'Hollis Haag', 'fay.raheem@example.org', '394'),
('415502083', '1966343762', '1980-07-22', 'Mr  Marcel Kunde I', 'joseph31@example.org', '395'),
('596252881', '4608503356', '1974-07-31', 'Ailene Kutch', 'jbrown@example.net', '396'),
('885443939', '9966822263', '2011-09-29', 'Mrs  Breana Adams MD', 'erna.casper@example.net', '397'),
('444371603', '9436433592', '1970-03-16', 'Shawanda Quigley DVM', 'qskiles@example.com', '398'),
('990352442', '1777930852', '2008-05-04', 'Cecelia McLaughlin', 'barton.verne@example.com', '399'),
('902200212', '7625864294', '1999-02-20', 'Mr  Chaim Hettinger ', 'parisian.alberta@example.com', '400'),
('454193951', '2861343458', '2006-05-29', 'Raquel Yundt DVM', 'schultz.koen@example.net', '401'),
('763870843', '9831147155', '2004-05-28', 'Ms  Jeannette Schmid', 'rbednar@example.net', '402'),
('565905812', '9520591341', '1984-06-04', 'Iva Farrell', 'blangosh@example.org', '403'),
('574702812', '2861139423', '2010-06-21', 'Elba Moore', 'upton.berneice@example.org', '404'),
('40066218', '7937578466', '2012-04-29', 'Jerica Funk', 'toy.benson@example.com', '405'),
('787723626', '8237597708', '1976-07-27', 'General Littel', 'anahi67@example.net', '406'),
('157738549', '4839751357', '1986-10-27', 'Dr  Ferd Pouros', 'runolfsson.krysta@example.net', '407'),
('599212791', '1713805725', '1991-08-23', 'Cortney Torphy', 'gkulas@example.org', '408'),
('570212320', '3966548769', '1987-02-17', 'Olan Nicolas', 'kyla20@example.org', '409'),
('737408768', '53427889', '1980-07-28', 'Artelia Ortiz', 'sauer.mackenzie@example.com', '410'),
('124621588', '3126744290', '1991-06-21', 'Elden Paucek', 'lula94@example.net', '411'),
('69997873', '4913858571', '2000-09-09', 'Barnie Weber', 'montana.heathcote@example.com', '412'),
('853747257', '1898630482', '1982-05-17', 'Mckenzie Labadie DVM', 'xabernathy@example.net', '413'),
('218195560', '5776205544', '2005-11-13', 'Yulissa Wilkinson', 'wkrajcik@example.net', '414'),
('599552289', '1621233357', '1970-06-25', 'Deshaun Lehner', 'virgil20@example.net', '415'),
('174993569', '5712665307', '1991-04-01', 'Ham Olson', 'kiehn.brandy@example.net', '416'),
('495649175', '7492751926', '1988-01-01', 'Dr  Hence Rice PhD', 'beyonce63@example.org', '417'),
('823701188', '7616488348', '2014-08-08', 'Katy Goyette', 'mathew92@example.net', '418'),
('794897316', '8715845056', '1976-07-05', 'Kate O Hara', 'zenas.hessel@example.net', '419'),
('98051291', '6217003897', '2006-04-17', 'Pinkey Waters', 'franecki.jethro@example.net', '420'),
('859512959', '4436709527', '2003-11-25', 'Ritchie Ziemann', 'alger17@example.net', '421'),
('419038901', '5088468384', '1990-08-23', 'Claire Kuhlman', 'ebony.breitenberg@example.org', '422'),
('874140504', '1169487448', '2011-06-21', 'Corinne Douglas', 'greenfelder.kandice@example.net', '423'),
('428915592', '4792965947', '2008-03-15', 'Manly Hartmann DVM', 'brown.willodean@example.org', '424'),
('396815635', '4086851620', '2000-08-13', 'Cris Ledner', 'kemmer.caitlynn@example.net', '425'),
('291775760', '6840281402', '1976-08-30', 'Everet Kuvalis', 'yemard@example.com', '426'),
('714446348', '3091914767', '1985-01-10', 'Mr  Elvin Wilderman ', 'xschumm@example.com', '427'),
('812488247', '6699441341', '1980-07-06', 'Ms  Zelia Collier', 'turner20@example.net', '428'),
('372594196', '5636521102', '1980-02-14', 'Dr  Denny Rolfson Sr', 'xglover@example.org', '429'),
('95692212', '8504918070', '1974-05-02', 'Webster Gulgowski Ph', 'lonie.kautzer@example.net', '430'),
('620763383', '6540197497', '1982-10-05', 'Vesta Lowe', 'louie90@example.org', '431'),
('66001910', '7357592649', '1972-04-29', 'Mr  Cortez Lehner MD', 'pleuschke@example.net', '432'),
('851883641', '7102841456', '2002-11-10', 'Ryan Bode IV', 'acasper@example.org', '433'),
('117309591', '4761463383', '1983-10-16', 'Estefany Bashirian', 'green.xiomara@example.net', '434'),
('515047570', '1966483193', '2012-01-22', 'Mr  Richard Greenhol', 'vrippin@example.net', '435'),
('598716397', '701875478', '1989-06-02', 'Brandyn Harvey', 'weissnat.beula@example.net', '436'),
('23695636', '3223767329', '2006-12-09', 'Arnoldo Zulauf', 'kling.dale@example.com', '437'),
('160468797', '8435408816', '1991-02-28', 'Dr  Tyrek Christians', 'mwitting@example.net', '438'),
('652749074', '5484063861', '2010-05-10', 'Alzina Walker', 'staci.huels@example.net', '439'),
('301995310', '1508031175', '1970-11-05', 'Jolene Littel', 'ewillms@example.net', '440'),
('388207203', '8471415458', '2009-10-11', 'Hartwell Kertzmann', 'forest98@example.net', '441'),
('818546191', '5655312472', '1970-01-07', 'Fleet Yost', 'ariana.jacobson@example.org', '442'),
('394423835', '8930704255', '2005-04-14', 'Clemma Harris', 'carson.collins@example.net', '443'),
('369567133', '1356161261', '1979-01-07', 'Lynette Brekke MD', 'orvel.mitchell@example.com', '444'),
('551726623', '1376012086', '1975-05-01', 'Ms  Adela Reynolds', 'cummerata.dessa@example.com', '445'),
('812646137', '9692878989', '1987-04-18', 'Carey Paucek', 'fkshlerin@example.net', '446'),
('488319053', '2924723714', '2002-01-04', 'Norris Veum Sr ', 'orville.wisoky@example.org', '447'),
('351232172', '9417832030', '2009-08-29', 'Litha Bosco', 'ygutmann@example.org', '448'),
('182335335', '6631175177', '2003-07-10', 'Freddy Sporer', 'hobart57@example.com', '449'),
('214519100', '4433462290', '1973-06-02', 'Dr  Erasmo Wisoky I', 'berlin.crona@example.com', '450'),
('917238608', '1331543704', '2001-03-12', 'Vernita Krajcik', 'irunolfsdottir@example.net', '451'),
('510011854', '1603527760', '2001-07-08', 'Jaidyn Hilpert', 'danyell79@example.org', '452'),
('714295126', '2417016579', '1989-03-14', 'Mr  Zackary Lebsack', 'schultz.birt@example.net', '453'),
('849941177', '9162956432', '2009-12-16', 'Bernetta Stoltenberg', 'monique71@example.com', '454'),
('715531107', '6474969693', '1975-09-15', 'Dr  Denine Davis MD', 'ukling@example.com', '455'),
('858454329', '7960966234', '2012-04-09', 'Kayden Abshire', 'mathilde.shanahan@example.org', '456'),
('355962350', '9153372950', '1987-05-16', 'Dr  Cori Wisozk', 'tayla67@example.com', '457'),
('746773070', '3204636129', '1978-06-05', 'Renae Weimann', 'batz.tristen@example.com', '458'),
('394694308', '4823735708', '1986-01-02', 'Sage Vandervort', 'anderson.stanton@example.net', '459'),
('768489049', '8654203567', '1974-02-21', 'Rayshawn Hackett', 'mila37@example.net', '460'),
('447185555', '2584854769', '2001-02-19', 'Mr  Gaylen Shields S', 'brown.kimora@example.org', '461'),
('663878360', '5935221876', '2005-05-22', 'Miss Ariana Beatty M', 'iabbott@example.net', '462'),
('21954895', '2962769579', '1985-08-11', 'Vernice Kunze', 'elgie.hackett@example.net', '463'),
('484026712', '2283234573', '1997-05-25', 'Samson White', 'penelope06@example.org', '464'),
('976747751', '1451838657', '1982-11-08', 'Hughes Gutmann', 'january.waters@example.org', '465'),
('799556608', '2092588043', '1986-07-07', 'Tamera Dickens', 'mary.kohler@example.org', '466'),
('291239350', '1124555431', '2008-05-06', 'Dr  Orrie Koepp II', 'odin.zulauf@example.org', '467'),
('35581787', '8828277649', '1978-12-21', 'Dell Rath', 'yemard@example.net', '468'),
('429446015', '5337633914', '1971-10-17', 'Nila Stokes', 'kristen.hintz@example.org', '469'),
('286506486', '7989007200', '1999-09-22', 'Ms  Betsey Considine', 'gerry.rowe@example.org', '470'),
('422935693', '7786088580', '1997-10-31', 'Ms  Keyla Langosh', 'cummings.cary@example.org', '471'),
('380525705', '7856930954', '1973-09-23', 'Mrs  Noma Renner MD', 'zleffler@example.org', '472'),
('585000244', '6719687159', '1985-04-19', 'Male Stehr MD', 'rdoyle@example.net', '473'),
('412203125', '7764407363', '2013-10-02', 'Ms  Xena Lindgren', 'cadence13@example.org', '474'),
('455660110', '2762303895', '1995-03-16', 'Chalmer Kerluke', 'hebert.lind@example.com', '475'),
('579449276', '8082101254', '1994-02-08', 'Sheridan Bartell', 'flavia.jerde@example.com', '476'),
('222462575', '7268383606', '2004-07-10', 'Ms  Chanie Eichmann ', 'kautzer.felipa@example.net', '477'),
('417204800', '1155277683', '1970-04-01', 'Ms  Jasmine Rempel', 'legros.deonte@example.net', '478'),
('383215914', '3287385239', '2014-09-29', 'Mauricio Mosciski', 'krissy26@example.net', '479'),
('35548273', '8088666518', '1992-08-25', 'Mr  Shaquille Winthe', 'senger.khiry@example.org', '480'),
('416439155', '3857351879', '1998-07-30', 'Mel Watsica', 'greenfelder.regan@example.org', '481'),
('185494686', '1609274499', '1978-07-28', 'Rhett Jast', 'rogelio.gutkowski@example.com', '482'),
('314143667', '6813648888', '1985-03-24', 'Katlin Carter', 'hanna.bednar@example.net', '483'),
('985764866', '6649855570', '1999-04-14', 'Abbie Keeling', 'dylon30@example.com', '484'),
('166286774', '8495534760', '1974-07-01', 'Karyn Orn', 'omie74@example.net', '485'),
('266275508', '9521848499', '1994-08-18', 'Leora Pfannerstill', 'annamarie.mohr@example.net', '486'),
('866287340', '1080843798', '1974-07-23', 'Beckett Reynolds', 'nkerluke@example.com', '487'),
('145320978', '4334116668', '1977-08-12', 'Hershel Hackett', 'janell93@example.net', '488'),
('908788097', '7463862966', '2003-04-14', 'Levern Lebsack II', 'jleannon@example.org', '489'),
('260729522', '2804408843', '2013-12-23', 'Luann Hand', 'pfeffer.jessenia@example.com', '490'),
('797691929', '2613201482', '2000-08-05', 'Mr  Hillery Schaden ', 'kenley64@example.org', '491'),
('204566661', '3685289308', '1999-08-31', 'Dr  Kaycee Oberbrunn', 'steuber.toya@example.com', '492'),
('542563972', '7966765583', '2002-10-26', 'Press Hane Jr ', 'mueller.kittie@example.com', '493'),
('593354099', '434742150', '2014-07-31', 'Benny Reinger V', 'foch27@example.org', '494'),
('444044888', '654888340', '1983-02-02', 'Grady Kessler', 'martin60@example.net', '495'),
('527349056', '7229530584', '2002-04-01', 'Tristin Roob', 'junius.kshlerin@example.com', '496'),
('599378965', '2937756683', '1995-01-23', 'Florian Graham', 'pollich.dennie@example.org', '497'),
('267608134', '2605538180', '2003-03-12', 'Miss Priscilla Rober', 'arline40@example.net', '498'),
('375483031', '3479270953', '1996-08-31', 'Daisha Pfannerstill', 'wilfred74@example.com', '499'),
('833299823', '6261851303', '1978-02-09', 'Sina Keebler', 'bturner@example.net', '501');

CREATE TABLE `Maquina` (
   `ID_Maquina` int(3) not null auto_increment,
   `Nombre_Maquina` varchar(20),
   PRIMARY KEY (`ID_Maquina`)
) ENGINE=InnoDB DEFAULT CHARSET=utf8 AUTO_INCREMENT=14;

INSERT INTO `Maquina` (`ID_Maquina`, `Nombre_Maquina`) VALUES 
('0', 'zero'),
('1', 'bwhnqtw'),
('2', 'mnlc'),
('3', 'jppe'),
('4', 'nugnqb'),
('5', 'Pipita-9000'),
('7', 'ospxwdp');

CREATE TABLE `Provincia` (
   `ID_Provincia` int(3) not null,
   `Nombre_Provincia` char(24),
   PRIMARY KEY (`ID_Provincia`)
) ENGINE=InnoDB DEFAULT CHARSET=utf8;

INSERT INTO `Provincia` (`ID_Provincia`, `Nombre_Provincia`) VALUES 
('0', 'Buenos Aires'),
('1', 'Catamarca'),
('2', 'Chaco'),
('3', 'Chubut'),
('4', 'Cordoba'),
('5', 'Corrientes'),
('6', 'Entre Rios'),
('7', 'Formosa'),
('8', 'Jujuy'),
('9', 'La Pampa'),
('10', 'La Rioja'),
('11', 'Mendoza'),
('12', 'Misiones'),
('13', 'Neuquen'),
('14', 'Rio Negro'),
('15', 'Salta'),
('16', 'San Juan'),
('17', 'San Luis'),
('18', 'Santa Cruz'),
('19', 'Santa Fe'),
('20', 'Santiago del Estero'),
('21', 'Tierra del Fuego'),
('22', 'Tucuman');

CREATE TABLE `Vendedor` (
   `ID_Vendedor` int(100) not null auto_increment,
   `Nombre_Vendedor` varchar(20),
   `ID_Zona` int(30),
   PRIMARY KEY (`ID_Vendedor`)
) ENGINE=InnoDB DEFAULT CHARSET=utf8 AUTO_INCREMENT=41;

INSERT INTO `Vendedor` (`ID_Vendedor`, `Nombre_Vendedor`, `ID_Zona`) VALUES 
('1', 'Armin Prosacco', '4'),
('2', 'Fitzgerald Stark MD', '6'),
('3', 'Jaquan Hagenes', '3'),
('4', 'Linna Veum', '7'),
('5', 'Tracy Okuneva', '4'),
('6', 'Dr  Lionel Sanford', '1'),
('7', 'Jessy Corwin', '5'),
('8', 'Sanaa Rosenbaum', '0'),
('9', 'Mr  Jerad Tillman', '4'),
('10', 'Jamila Mitchell', '2'),
('11', 'Beckett Runolfsson', '3'),
('12', 'Dr  Nina West', '0'),
('13', 'Mrs  Davina Reichel ', '6'),
('14', 'Johnson Blanda MD', '7'),
('15', 'Loris Kunze', '2'),
('16', 'Dr  Wade Price III', '4'),
('17', 'Briley Barton', '7'),
('18', 'Nat Botsford', '3'),
('19', 'Permelia Bergstrom', '6'),
('21', 'Dr  Chauncey Mayert', '7');

CREATE TABLE `Zona` (
   `ID_Zona` int(3) not null auto_increment,
   `Nombre_Zona` varchar(24),
   PRIMARY KEY (`ID_Zona`)
) ENGINE=InnoDB DEFAULT CHARSET=utf8 AUTO_INCREMENT=18;

INSERT INTO `Zona` (`ID_Zona`, `Nombre_Zona`) VALUES 
('0', 'noroeste'),
('1', 'noreste'),
('2', 'norte'),
('3', 'sur'),
('4', 'este'),
('5', 'oeste'),
('6', 'sudeste'),
('7', 'sudoeste');

CREATE TABLE `Zona_Ciudad` (
   `ID_Zona` int(3),
   `ID_Ciudad` int(3)
) ENGINE=InnoDB DEFAULT CHARSET=utf8;

INSERT INTO `Zona_Ciudad` (`ID_Zona`, `ID_Ciudad`) VALUES 
('3', '0'),
('5', '1'),
('5', '2'),
('2', '3'),
('5', '4'),
('1', '5'),
('2', '6'),
('5', '7'),
('6', '8'),
('2', '9'),
('7', '10'),
('4', '11'),
('6', '12'),
('4', '13'),
('4', '14'),
('6', '15'),
('4', '16'),
('3', '17'),
('7', '18'),
('5', '19'),
('4', '20'),
('3', '21'),
('2', '22'),
('4', '23'),
('3', '24'),
('7', '25'),
('6', '26'),
('5', '27'),
('5', '28'),
('2', '29'),
('4', '30'),
('7', '31'),
('3', '32'),
('7', '33'),
('1', '34'),
('7', '35'),
('1', '36'),
('7', '37'),
('6', '38'),
('6', '39'),
('2', '40'),
('3', '41'),
('4', '42'),
('4', '43'),
('2', '44'),
('6', '45'),
('2', '46'),
('1', '47'),
('4', '48'),
('4', '49'),
('5', '50'),
('1', '51'),
('4', '52'),
('3', '53'),
('2', '54'),
('2', '55'),
('5', '56'),
('6', '57'),
('7', '58'),
('5', '59'),
('5', '60'),
('3', '61'),
('7', '62'),
('7', '63'),
('6', '64'),
('6', '65'),
('3', '66'),
('3', '67'),
('5', '68'),
('6', '69'),
('3', '70'),
('1', '71'),
('6', '72'),
('4', '73'),
('6', '74'),
('4', '75'),
('4', '76'),
('5', '77'),
('2', '78'),
('1', '79'),
('3', '80'),
('4', '81'),
('5', '82'),
('5', '83'),
('3', '84'),
('3', '85'),
('3', '86'),
('1', '87'),
('4', '88'),
('3', '89'),
('6', '90'),
('3', '91'),
('3', '92'),
('7', '93'),
('5', '94'),
('6', '95'),
('7', '96'),
('2', '97'),
('6', '98'),
('2', '99'),
('3', '100'),
('2', '101'),
('5', '102'),
('5', '103'),
('2', '104'),
('2', '105'),
('4', '106'),
('4', '107'),
('3', '108'),
('2', '109'),
('5', '110'),
('6', '111'),
('3', '112'),
('2', '113'),
('4', '114'),
('5', '115'),
('4', '116'),
('7', '117'),
('1', '118'),
('2', '119'),
('7', '120'),
('3', '121'),
('3', '122'),
('2', '123'),
('7', '124'),
('6', '125'),
('6', '126'),
('2', '127'),
('4', '128'),
('4', '129'),
('3', '130'),
('5', '131'),
('4', '132'),
('3', '133'),
('2', '134'),
('4', '135'),
('1', '136'),
('7', '137'),
('5', '138'),
('4', '139'),
('1', '140'),
('2', '141'),
('3', '142'),
('3', '143'),
('3', '144'),
('1', '145'),
('6', '146'),
('2', '147'),
('4', '148'),
('5', '149');